crop_category,crop_name,crop_name_local,scientific_name,variety_name,variety_name_local,season,water_requirement,irrigation_suitability,common_soil_types,is_major_crop,primary_region,source_reference
Cereal,Barley,,,BH 885,,,,,,,India,Supplied crop-variety release dataset (2008–2012)
Cereal,Barley,,,BH-902,,,,,,,India,Supplied crop-variety release dataset (2008–2012)
Cereal,Barley,,,DWRB 73,,,,,,,India,Supplied crop-variety release dataset (2008–2012)
Cereal,Barley,,,DWRUB64,,,,,,,India,Supplied crop-variety release dataset (2008–2012)
Cereal,Barley,,,HBL 391(Gokul),,,,,,,India,Supplied crop-variety release dataset (2008–2012)
Cereal,Barley,,,Jawahar Barley (JB 110),,,,,,,India,Supplied crop-variety release dataset (2008–2012)
Cereal,Barley,,,Narendra Barley-5 (NDB -943),,,,,,,India,Supplied crop-variety release dataset (2008–2012)
Cereal,Barley,,,PRB-502,,,,,,,India,Supplied crop-variety release dataset (2008–2012)
Cereal,Barley,,,Pusa Losar (BH- 380),,,,,,,India,Supplied crop-variety release dataset (2008–2012)
Cereal,Barley,,,RD-2715,,,,,,,India,Supplied crop-variety release dataset (2008–2012)
Cereal,Barley,,,UPB 1008,,,,,,,India,Supplied crop-variety release dataset (2008–2012)
Cereal,Barnyard millet,,,CO(KV)2,,,,,,,India,Supplied crop-variety release dataset (2008–2012)
Cereal,Barnyard millet,,,PRJ-1,,,,,,,India,Supplied crop-variety release dataset (2008–2012)
Cereal,Barnyard millet,,,VL Madira 207,,,,,,,India,Supplied crop-variety release dataset (2008–2012)
Cereal,Finger millet,,,DHRS 1,,,,,,,India,Supplied crop-variety release dataset (2008–2012)
Cereal,Finger millet,,,Dapoli Safed -1,,,,,,,India,Supplied crop-variety release dataset (2008–2012)
Cereal,Finger millet,,,GPU 67,,,,,,,India,Supplied crop-variety release dataset (2008–2012)
Cereal,Finger millet,,,Indira Ragi-1 (BR-7),,,,,,,India,Supplied crop-variety release dataset (2008–2012)
Cereal,Finger millet,,,KMr-301 (Gowri),,,,,,,India,Supplied crop-variety release dataset (2008–2012)
Cereal,Finger millet,,,PRM-1,,,,,,,India,Supplied crop-variety release dataset (2008–2012)
Cereal,Finger millet,,,PRM-2,,,,,,,India,Supplied crop-variety release dataset (2008–2012)
Cereal,Finger millet,,,Rathna (GPU-48),,,,,,,India,Supplied crop-variety release dataset (2008–2012)
Cereal,Finger millet,,,Sri Chaitanya (VR 847),,,,,,,India,Supplied crop-variety release dataset (2008–2012)
Cereal,Finger millet,,,VL Mandua 347 (VL 347),,,,,,,India,Supplied crop-variety release dataset (2008–2012)
Cereal,Foxtail millet,,,Divya (MR-6),,,,,,,India,Supplied crop-variety release dataset (2008–2012)
Cereal,Foxtail millet,,,HMT-100-1,,,,,,,India,Supplied crop-variety release dataset (2008–2012)
Cereal,Foxtail millet,,,ML-365,,,,,,,India,Supplied crop-variety release dataset (2008–2012)
Cereal,Foxtail millet,,,Paiyur (Ra) 2,,,,,,,India,Supplied crop-variety release dataset (2008–2012)
Cereal,Kodo millet,,,Indira Kodo-1 (BK-1),,,,,,,India,Supplied crop-variety release dataset (2008–2012)
Cereal,Kodo millet,,,Jawahar Kodo -106,,,,,,,India,Supplied crop-variety release dataset (2008–2012)
Cereal,Kodo millet,,,Jawahar Kodo-65 (RK-65-18),,,,,,,India,Supplied crop-variety release dataset (2008–2012)
Cereal,Little millet,,,Jawahar Kuthi- 36,,,,,,,India,Supplied crop-variety release dataset (2008–2012)
Cereal,Little millet,,,SAURA (OLM 208),,,,,,,India,Supplied crop-variety release dataset (2008–2012)
Cereal,Maize,,,BH 1576 (DHM-111),,,,,,,India,Supplied crop-variety release dataset (2008–2012)
Cereal,Maize,,,BH 1620 (DHM-113),,,,,,,India,Supplied crop-variety release dataset (2008–2012)
Cereal,Maize,,,BH 40625 (DHM-117),,,,,,,India,Supplied crop-variety release dataset (2008–2012)
Cereal,Maize,,,Bajaura Makka (L 201 Composite),,,,,,,India,Supplied crop-variety release dataset (2008–2012)
Cereal,Maize,,,CO 6 (Hyrid),,,,,,,India,Supplied crop-variety release dataset (2008–2012)
Cereal,Maize,,,Chandramani (R2005-2),,,,,,,India,Supplied crop-variety release dataset (2008–2012)
Cereal,Maize,,,DHM 119 (BH 4062),,,,,,,India,Supplied crop-variety release dataset (2008–2012)
Cereal,Maize,,,DKC 7074R (MCH-35),,,,,,,India,Supplied crop-variety release dataset (2008–2012)
Cereal,Maize,,,DKC 9081 (MON 29),,,,,,,India,Supplied crop-variety release dataset (2008–2012)
Cereal,Maize,,,EH-434042 (DH1),,,,,,,India,Supplied crop-variety release dataset (2008–2012)
Cereal,Maize,,,HM-10 (HKH-1200),,,,,,,India,Supplied crop-variety release dataset (2008–2012)
Cereal,Maize,,,HM-11(HKH-1237),,,,,,,India,Supplied crop-variety release dataset (2008–2012)
Cereal,Maize,,,HM-12 (HKH 313) Hybrid,,,,,,,India,Supplied crop-variety release dataset (2008–2012)
Cereal,Maize,,,HQPM-4,,,,,,,India,Supplied crop-variety release dataset (2008–2012)
Cereal,Maize,,,HQPM-7,,,,,,,India,Supplied crop-variety release dataset (2008–2012)
Cereal,Maize,,,HSC1,,,,,,,India,Supplied crop-variety release dataset (2008–2012)
Cereal,Maize,,,Hishell (MCH-42) (Hybrid),,,,,,,India,Supplied crop-variety release dataset (2008–2012)
Cereal,Maize,,,IG 8011 (MCH 37),,,,,,,India,Supplied crop-variety release dataset (2008–2012)
Cereal,Maize,,,IG 8237 (MCH 38),,,,,,,India,Supplied crop-variety release dataset (2008–2012)
Cereal,Maize,,,JKMH-502,,,,,,,India,Supplied crop-variety release dataset (2008–2012)
Cereal,Maize,,,KMH 3712 (Hybrid),,,,,,,India,Supplied crop-variety release dataset (2008–2012)
Cereal,Maize,,,KMH-218 Plus (Hybrid),,,,,,,India,Supplied crop-variety release dataset (2008–2012)
Cereal,Maize,,,KMH-22168,,,,,,,India,Supplied crop-variety release dataset (2008–2012)
Cereal,Maize,,,KMH-25K60 (Hybrid),,,,,,,India,Supplied crop-variety release dataset (2008–2012)
Cereal,Maize,,,KMH-3426 (Hybrid),,,,,,,India,Supplied crop-variety release dataset (2008–2012)
Cereal,Maize,,,MCH 36 (Hybrid) (DKC 9099),,,,,,,India,Supplied crop-variety release dataset (2008–2012)
Cereal,Maize,,,NMH-731 (Hybrid),,,,,,,India,Supplied crop-variety release dataset (2008–2012)
Cereal,Maize,,,NMH-803 (Hybrid),,,,,,,India,Supplied crop-variety release dataset (2008–2012)
Cereal,Maize,,,P3501 (X7B401),,,,,,,India,Supplied crop-variety release dataset (2008–2012)
Cereal,Maize,,,PAC 740,,,,,,,India,Supplied crop-variety release dataset (2008–2012)
Cereal,Maize,,,PINNACLE (M ON 25),,,,,,,India,Supplied crop-variety release dataset (2008–2012)
Cereal,Maize,,,PMH 4 (JH 31153),,,,,,,India,Supplied crop-variety release dataset (2008–2012)
Cereal,Maize,,,PMH 5 (JH 3110),,,,,,,India,Supplied crop-variety release dataset (2008–2012)
Cereal,Maize,,,PMH-3 (JH-10704),,,,,,,India,Supplied crop-variety release dataset (2008–2012)
Cereal,Maize,,,Pant Sankul Makka-3 (D131),,,,,,,India,Supplied crop-variety release dataset (2008–2012)
Cereal,Maize,,,Pratap Kanchan-2 WC-236(Y),,,,,,,India,Supplied crop-variety release dataset (2008–2012)
Cereal,Maize,,,Pratap Makka Chari-6 (EC-3135),,,,,,,India,Supplied crop-variety release dataset (2008–2012)
Cereal,Maize,,,SMH-3904,,,,,,,India,Supplied crop-variety release dataset (2008–2012)
Cereal,Maize,,,Vivek Maize Hybird 33 (FH 3352),,,,,,,India,Supplied crop-variety release dataset (2008–2012)
Cereal,Maize,,,Vivek Maize Hybrid 39 (FH 3356),,,,,,,India,Supplied crop-variety release dataset (2008–2012)
Cereal,Maize,,,Vivek Maize Hybrid 43 (FH 3358),,,,,,,India,Supplied crop-variety release dataset (2008–2012)
Cereal,Maize,,,Vivek Maize hybrid (FH 3483),,,,,,,India,Supplied crop-variety release dataset (2008–2012)
Cereal,Maize,,,Vivek QPM 9 (FQH)-4567,,,,,,,India,Supplied crop-variety release dataset (2008–2012)
Cereal,Maize,,,Vivek Sankul Makka 35 (VL 113),,,,,,,India,Supplied crop-variety release dataset (2008–2012)
Cereal,Maize,,,Vivek Sankul Makka 37 (VL 114),,,,,,,India,Supplied crop-variety release dataset (2008–2012)
Cereal,Paddy,,,(IET 19913),,,,,,,India,Supplied crop-variety release dataset (2008–2012)
Cereal,Paddy,,,91H97228(HRI 157) (IET 19511),,,,,,,India,Supplied crop-variety release dataset (2008–2012)
Cereal,Paddy,,,AAUDR-1 (IET 19258),,,,,,,India,Supplied crop-variety release dataset (2008–2012)
Cereal,Paddy,,,ADT 49,,,,,,,India,Supplied crop-variety release dataset (2008–2012)
Cereal,Paddy,,,ADT 50,,,,,,,India,Supplied crop-variety release dataset (2008–2012)
Cereal,Paddy,,,AMAL-MANA (IET-14199/18250),,,,,,,India,Supplied crop-variety release dataset (2008–2012)
Cereal,Paddy,,,ANNA(R) 4,,,,,,,India,Supplied crop-variety release dataset (2008–2012)
Cereal,Paddy,,,Akshaya,,,,,,,India,Supplied crop-variety release dataset (2008–2012)
Cereal,Paddy,,,Akshayadhan (IET 19367),,,,,,,India,Supplied crop-variety release dataset (2008–2012)
Cereal,Paddy,,,Amara (MTU 1064),,,,,,,India,Supplied crop-variety release dataset (2008–2012)
Cereal,Paddy,,,Arize Tej (HRI 169) (IET21411) (Hybrid),,,,,,,India,Supplied crop-variety release dataset (2008–2012)
Cereal,Paddy,,,Bhavapuri Sannalu,,,,,,,India,Supplied crop-variety release dataset (2008–2012)
Cereal,Paddy,,,CAUR-1,,,,,,,India,Supplied crop-variety release dataset (2008–2012)
Cereal,Paddy,,,CO 4 (Hybrid),,,,,,,India,Supplied crop-variety release dataset (2008–2012)
Cereal,Paddy,,,CO 4 (IET 21449) (TNRH 174),,,,,,,India,Supplied crop-variety release dataset (2008–2012)
Cereal,Paddy,,,CO(R) 49,,,,,,,India,Supplied crop-variety release dataset (2008–2012)
Cereal,Paddy,,,CO(R) 50 (IET 19321) (CB 01001),,,,,,,India,Supplied crop-variety release dataset (2008–2012)
Cereal,Paddy,,,CR Boro Dhan-2 (IET 17612),,,,,,,India,Supplied crop-variety release dataset (2008–2012)
Cereal,Paddy,,,CR Dhan -70(IET-11904),,,,,,,India,Supplied crop-variety release dataset (2008–2012)
Cereal,Paddy,,,CR Dhan 40 (IET 19253),,,,,,,India,Supplied crop-variety release dataset (2008–2012)
Cereal,Paddy,,,CR Dhan 401 (REETA) (IET 19969),,,,,,,India,Supplied crop-variety release dataset (2008–2012)
Cereal,Paddy,,,"CR Dhan 500, (IET 20220)",,,,,,,India,Supplied crop-variety release dataset (2008–2012)
Cereal,Paddy,,,CR Dhan 501 (IET 19189),,,,,,,India,Supplied crop-variety release dataset (2008–2012)
Cereal,Paddy,,,CR Dhan 601 (IET 18558),,,,,,,India,Supplied crop-variety release dataset (2008–2012)
Cereal,Paddy,,,CR Dhan-10 (IET 18312),,,,,,,India,Supplied crop-variety release dataset (2008–2012)
Cereal,Paddy,,,CR Sugandh Dhan-3 (IET 18395),,,,,,,India,Supplied crop-variety release dataset (2008–2012)
Cereal,Paddy,,,CSR 22,,,,,,,India,Supplied crop-variety release dataset (2008–2012)
Cereal,Paddy,,,"Chandrama(CR-386-2-10) (IET 9354, 10419)",,,,,,,India,Supplied crop-variety release dataset (2008–2012)
Cereal,Paddy,,,Chinsurah Rice (IET 19140) (CNI 383-5-11),,,,,,,India,Supplied crop-variety release dataset (2008–2012)
Cereal,Paddy,,,Co (R) 48,,,,,,,India,Supplied crop-variety release dataset (2008–2012)
Cereal,Paddy,,,DRH-775 (IET-19741),,,,,,,India,Supplied crop-variety release dataset (2008–2012)
Cereal,Paddy,,,DRR-1 (RPRH 25-104-1-2) (IET 20010),,,,,,,India,Supplied crop-variety release dataset (2008–2012)
Cereal,Paddy,,,DRRH-3 (DRRH-44) (IET 19543),,,,,,,India,Supplied crop-variety release dataset (2008–2012)
Cereal,Paddy,,,GAR – 13(IET-20930),,,,,,,India,Supplied crop-variety release dataset (2008–2012)
Cereal,Paddy,,,GK 5003 (IET 18160),,,,,,,India,Supplied crop-variety release dataset (2008–2012)
Cereal,Paddy,,,GNR2,,,,,,,India,Supplied crop-variety release dataset (2008–2012)
Cereal,Paddy,,,Gontra Bidhan -1 (IET 17430),,,,,,,India,Supplied crop-variety release dataset (2008–2012)
Cereal,Paddy,,,Gujarat Anand Rice-2 (IET-21614),,,,,,,India,Supplied crop-variety release dataset (2008–2012)
Cereal,Paddy,,,HKR 127 (HKR 95-222),,,,,,,India,Supplied crop-variety release dataset (2008–2012)
Cereal,Paddy,,,HUE (CR Dhan 301) (IET 19351) (CRK 26-1-2-1),,,,,,,India,Supplied crop-variety release dataset (2008–2012)
Cereal,Paddy,,,IGKVR-1 (IET 19569),,,,,,,India,Supplied crop-variety release dataset (2008–2012)
Cereal,Paddy,,,IGKVR-2 (IET 19795),,,,,,,India,Supplied crop-variety release dataset (2008–2012)
Cereal,Paddy,,,IGRKVR-1244 (R1244-1246-1-605-1) (IET 19796),,,,,,,India,Supplied crop-variety release dataset (2008–2012)
Cereal,Paddy,,,Improved Lalat (CRMAS 2621-7-1) (IET 21066),,,,,,,India,Supplied crop-variety release dataset (2008–2012)
Cereal,Paddy,,,Improved Tapaswini (CRMAS 2622-7-6) (IET 21070),,,,,,,India,Supplied crop-variety release dataset (2008–2012)
Cereal,Paddy,,,Indam 200-017 (IET 20419),,,,,,,India,Supplied crop-variety release dataset (2008–2012)
Cereal,Paddy,,,Indira Barani Dhan-1 (RF-17-38-70)(IET 21205),,,,,,,India,Supplied crop-variety release dataset (2008–2012)
Cereal,Paddy,,,JGL 11470 (Jagtial Mahsuri),,,,,,,India,Supplied crop-variety release dataset (2008–2012)
Cereal,Paddy,,,JGL 3828 (Manair Sona),,,,,,,India,Supplied crop-variety release dataset (2008–2012)
Cereal,Paddy,,,JGL 3844 (Jagtial Samba),,,,,,,India,Supplied crop-variety release dataset (2008–2012)
Cereal,Paddy,,,JGL 3855 (Karimnagar Samba),,,,,,,India,Supplied crop-variety release dataset (2008–2012)
Cereal,Paddy,,,JKRH 3333 (IET 20759) (Hybrid),,,,,,,India,Supplied crop-variety release dataset (2008–2012)
Cereal,Paddy,,,JRH-8,,,,,,,India,Supplied crop-variety release dataset (2008–2012)
Cereal,Paddy,,,Jagjeevan (IET 19487) (RP 4631-46-6-5-1-1-1),,,,,,,India,Supplied crop-variety release dataset (2008–2012)
Cereal,Paddy,,,Jala Mani (CR Dhan 503 (IET 20214 (CR 2282-1-2-5-1),,,,,,,India,Supplied crop-variety release dataset (2008–2012)
Cereal,Paddy,,,Jaldi Dhan-6(IET- 14359),,,,,,,India,Supplied crop-variety release dataset (2008–2012)
Cereal,Paddy,,,Jayanti Dhan (CR Dhan 502) (IET 20706) (CR 2080-169-3-2-5-2)*,,,,,,,India,Supplied crop-variety release dataset (2008–2012)
Cereal,Paddy,,,KHP-10,,,,,,,India,Supplied crop-variety release dataset (2008–2012)
Cereal,Paddy,,,KKL ( R) -1,,,,,,,India,Supplied crop-variety release dataset (2008–2012)
Cereal,Paddy,,,Karjat – 184,,,,,,,India,Supplied crop-variety release dataset (2008–2012)
Cereal,Paddy,,,Karjat-7,,,,,,,India,Supplied crop-variety release dataset (2008–2012)
Cereal,Paddy,,,Karma Mahsuri (IET-19991),,,,,,,India,Supplied crop-variety release dataset (2008–2012)
Cereal,Paddy,,,Luna Barial (IET 19472),,,,,,,India,Supplied crop-variety release dataset (2008–2012)
Cereal,Paddy,,,Luna Sampad (IET 19470),,,,,,,India,Supplied crop-variety release dataset (2008–2012)
Cereal,Paddy,,,Luna Sankhi (IET 21237),,,,,,,India,Supplied crop-variety release dataset (2008–2012)
Cereal,Paddy,,,Luna Suvarna (IET 18697),,,,,,,India,Supplied crop-variety release dataset (2008–2012)
Cereal,Paddy,,,MANDAKINI (OR 2077-4)(IET 17847),,,,,,,India,Supplied crop-variety release dataset (2008–2012)
Cereal,Paddy,,,MGD 101,,,,,,,India,Supplied crop-variety release dataset (2008–2012)
Cereal,Paddy,,,MO 21(Pratheeksha),,,,,,,India,Supplied crop-variety release dataset (2008–2012)
Cereal,Paddy,,,MRUNALINI (OR 1898-18) (IET 18649),,,,,,,India,Supplied crop-variety release dataset (2008–2012)
Cereal,Paddy,,,MTU 1075 (IET 18482),,,,,,,India,Supplied crop-variety release dataset (2008–2012)
Cereal,Paddy,,,Malaviya Sugandh -105 (HUR-105),,,,,,,India,Supplied crop-variety release dataset (2008–2012)
Cereal,Paddy,,,Malaviya Sugandh -4-3 (HUR-4-3),,,,,,,India,Supplied crop-variety release dataset (2008–2012)
Cereal,Paddy,,,Manaswini (IET-19005),,,,,,,India,Supplied crop-variety release dataset (2008–2012)
Cereal,Paddy,,,Maniphou-10,,,,,,,India,Supplied crop-variety release dataset (2008–2012)
Cereal,Paddy,,,Mugad Siri-1253,,,,,,,India,Supplied crop-variety release dataset (2008–2012)
Cereal,Paddy,,,NAUR-1,,,,,,,India,Supplied crop-variety release dataset (2008–2012)
Cereal,Paddy,,,NDGR201 (IET 20048),,,,,,,India,Supplied crop-variety release dataset (2008–2012)
Cereal,Paddy,,,NDR 2064 (IET 17475),,,,,,,India,Supplied crop-variety release dataset (2008–2012)
Cereal,Paddy,,,NDR 2065 (IET 17476),,,,,,,India,Supplied crop-variety release dataset (2008–2012)
Cereal,Paddy,,,NK 5251 (IET 19738) (Hybrid),,,,,,,India,Supplied crop-variety release dataset (2008–2012)
Cereal,Paddy,,,NPH 924-1 (IET 21255) (Hybrid),,,,,,,India,Supplied crop-variety release dataset (2008–2012)
Cereal,Paddy,,,Narendra Dhan (NDR- 98301132),,,,,,,India,Supplied crop-variety release dataset (2008–2012)
Cereal,Paddy,,,Narendra Dhan 3112-1 Prakhar (IET 19335),,,,,,,India,Supplied crop-variety release dataset (2008–2012)
Cereal,Paddy,,,Narendra Jal Pushp (NDR- 9830135) (IET-17972),,,,,,,India,Supplied crop-variety release dataset (2008–2012)
Cereal,Paddy,,,Narendra Lalmati (IET 21051),,,,,,,India,Supplied crop-variety release dataset (2008–2012)
Cereal,Paddy,,,Narendra Mayank (NDR-9830144) (IET-18055) (IR-68828-24-NDR-1-1-1-1),,,,,,,India,Supplied crop-variety release dataset (2008–2012)
Cereal,Paddy,,,Narendra Sugandha Dhan (NDR 6093) (IET 19768),,,,,,,India,Supplied crop-variety release dataset (2008–2012)
Cereal,Paddy,,,Narendra Usar Dhan 2008 (IET-18699),,,,,,,India,Supplied crop-variety release dataset (2008–2012)
Cereal,Paddy,,,Narendra Usar Dhan 2009 (NDRK 50002) (IET 19667),,,,,,,India,Supplied crop-variety release dataset (2008–2012)
Cereal,Paddy,,,Narendra Usar Dhan-2008 (NDRK 5088) (IET 18699),,,,,,,India,Supplied crop-variety release dataset (2008–2012)
Cereal,Paddy,,,Nellore Mahsuri (NLR 34449),,,,,,,India,Supplied crop-variety release dataset (2008–2012)
Cereal,Paddy,,,Nua Chinikamini (IET 18394)(CR 2580),,,,,,,India,Supplied crop-variety release dataset (2008–2012)
Cereal,Paddy,,,Nua Kalajeera (IET-18393),,,,,,,India,Supplied crop-variety release dataset (2008–2012)
Cereal,Paddy,,,ONA SIRI (MAS 26),,,,,,,India,Supplied crop-variety release dataset (2008–2012)
Cereal,Paddy,,,PAC 835 (PAC 80035) (IET 18178,,,,,,,India,Supplied crop-variety release dataset (2008–2012)
Cereal,Paddy,,,PAC 837 (PAC 85037) (IET 19746),,,,,,,India,Supplied crop-variety release dataset (2008–2012)
Cereal,Paddy,,,PKV HMT,,,,,,,India,Supplied crop-variety release dataset (2008–2012)
Cereal,Paddy,,,PKV Khamang ( Sye-116-53-22-8),,,,,,,India,Supplied crop-variety release dataset (2008–2012)
Cereal,Paddy,,,PNPH 24 (IET 21406) (Hybrid),,,,,,,India,Supplied crop-variety release dataset (2008–2012)
Cereal,Paddy,,,PTB-58 (IET-17608) (Cul 20D-1),,,,,,,India,Supplied crop-variety release dataset (2008–2012)
Cereal,Paddy,,,PUBM-8,,,,,,,India,Supplied crop-variety release dataset (2008–2012)
Cereal,Paddy,,,Phalguni (IET 18720) (CRAC 2224-1041),,,,,,,India,Supplied crop-variety release dataset (2008–2012)
Cereal,Paddy,,,Phule Samruddhi (VDN-99-29),,,,,,,India,Supplied crop-variety release dataset (2008–2012)
Cereal,Paddy,,,Phule Samrudhi,,,,,,,India,Supplied crop-variety release dataset (2008–2012)
Cereal,Paddy,,,Poorna Bhog (IET 18008) (CRM-2203-4),,,,,,,India,Supplied crop-variety release dataset (2008–2012)
Cereal,Paddy,,,Punjab Basmati-2,,,,,,,India,Supplied crop-variety release dataset (2008–2012)
Cereal,Paddy,,,Pusa Basmati 6 (IET18005),,,,,,,India,Supplied crop-variety release dataset (2008–2012)
Cereal,Paddy,,,Pyari (CR Dhan 200) (CR 2624-IR 55423-01) (IET 21214*),,,,,,,India,Supplied crop-variety release dataset (2008–2012)
Cereal,Paddy,,,RC Maniphou 11 (IET 20193),,,,,,,India,Supplied crop-variety release dataset (2008–2012)
Cereal,Paddy,,,RC Maniphou-6,,,,,,,India,Supplied crop-variety release dataset (2008–2012)
Cereal,Paddy,,,RC Maniphou-7,,,,,,,India,Supplied crop-variety release dataset (2008–2012)
Cereal,Paddy,,,REETA (IET 19969),,,,,,,India,Supplied crop-variety release dataset (2008–2012)
Cereal,Paddy,,,RH-1531 (Frontline Gold) (IET 21404) (Hybrid),,,,,,,India,Supplied crop-variety release dataset (2008–2012)
Cereal,Paddy,,,Ramappa (WLG-23985) (IET-17856),,,,,,,India,Supplied crop-variety release dataset (2008–2012)
Cereal,Paddy,,,Rani Dhan (IET-19148),,,,,,,India,Supplied crop-variety release dataset (2008–2012)
Cereal,Paddy,,,Ratnagiri-24(RTN-24) (IET-19812),,,,,,,India,Supplied crop-variety release dataset (2008–2012)
Cereal,Paddy,,,Ratnagiri-4(RTN 49-1-1-2) (IET 20980),,,,,,,India,Supplied crop-variety release dataset (2008–2012)
Cereal,Paddy,,,SHARADA (MAS 946-1),,,,,,,India,Supplied crop-variety release dataset (2008–2012)
Cereal,Paddy,,,SJR-5 (IET-19972),,,,,,,India,Supplied crop-variety release dataset (2008–2012)
Cereal,Paddy,,,SUGANDHA SAMBA (RNR-2465),,,,,,,India,Supplied crop-variety release dataset (2008–2012)
Cereal,Paddy,,,SWARANA-SUB1 (CR 2539-1) IET-20266,,,,,,,India,Supplied crop-variety release dataset (2008–2012)
Cereal,Paddy,,,Sahyadri-4 (IET-18610),,,,,,,India,Supplied crop-variety release dataset (2008–2012)
Cereal,Paddy,,,Sampada (IET 19424),,,,,,,India,Supplied crop-variety release dataset (2008–2012)
Cereal,Paddy,,,Satyabhama (CR Dhan 100) (IET 20148),,,,,,,India,Supplied crop-variety release dataset (2008–2012)
Cereal,Paddy,,,Srisatya (RGL1880),,,,,,,India,Supplied crop-variety release dataset (2008–2012)
Cereal,Paddy,,,Sumit (CR Dhan 404),,,,,,,India,Supplied crop-variety release dataset (2008–2012)
Cereal,Paddy,,,TEJASWINI (OR 1912-22) (IET 20005),,,,,,,India,Supplied crop-variety release dataset (2008–2012)
Cereal,Paddy,,,TRY 3,,,,,,,India,Supplied crop-variety release dataset (2008–2012)
Cereal,Paddy,,,Taramati (RNR-23064),,,,,,,India,Supplied crop-variety release dataset (2008–2012)
Cereal,Paddy,,,US 382 (IET 20727) (Hybrid),,,,,,,India,Supplied crop-variety release dataset (2008–2012)
Cereal,Paddy,,,VAMSADHARA (RGL-11414),,,,,,,India,Supplied crop-variety release dataset (2008–2012)
Cereal,Paddy,,,VTL-8,,,,,,,India,Supplied crop-variety release dataset (2008–2012)
Cereal,Paddy,,,Vallabh Basmati-22 (IET 19492),,,,,,,India,Supplied crop-variety release dataset (2008–2012)
Cereal,Paddy,,,Vardhan (IET 18940),,,,,,,India,Supplied crop-variety release dataset (2008–2012)
Cereal,Pearl millet/ Bajra,,,86M64 (MSH 203) (Hybrid),,,,,,,India,Supplied crop-variety release dataset (2008–2012)
Cereal,Pearl millet/ Bajra,,,86M66 (MSH 226) (Hyrid),,,,,,,India,Supplied crop-variety release dataset (2008–2012)
Cereal,Pearl millet/ Bajra,,,86M66(MH1617),,,,,,,India,Supplied crop-variety release dataset (2008–2012)
Cereal,Pearl millet/ Bajra,,,86M86 (MH 1684) (Hybrid),,,,,,,India,Supplied crop-variety release dataset (2008–2012)
Cereal,Pearl millet/ Bajra,,,ABPC4-3 (MP 484),,,,,,,India,Supplied crop-variety release dataset (2008–2012)
Cereal,Pearl millet/ Bajra,,,AVIKA BAJRA CHARI (AVKS-19),,,,,,,India,Supplied crop-variety release dataset (2008–2012)
Cereal,Pearl millet/ Bajra,,,B-2095(MH-1257),,,,,,,India,Supplied crop-variety release dataset (2008–2012)
Cereal,Pearl millet/ Bajra,,,CO 9 (Hybrid),,,,,,,India,Supplied crop-variety release dataset (2008–2012)
Cereal,Pearl millet/ Bajra,,,GK 1051 (MH1385),,,,,,,India,Supplied crop-variety release dataset (2008–2012)
Cereal,Pearl millet/ Bajra,,,HHB 226 (MH 1479),,,,,,,India,Supplied crop-variety release dataset (2008–2012)
Cereal,Pearl millet/ Bajra,,,HHB – 216 (MH 1421),,,,,,,India,Supplied crop-variety release dataset (2008–2012)
Cereal,Pearl millet/ Bajra,,,HHB – 223 (MH 1468),,,,,,,India,Supplied crop-variety release dataset (2008–2012)
Cereal,Pearl millet/ Bajra,,,JKBH-676 (MH-1299),,,,,,,India,Supplied crop-variety release dataset (2008–2012)
Cereal,Pearl millet/ Bajra,,,Kaveri Super Boss (Hybrid) (MH 1553),,,,,,,India,Supplied crop-variety release dataset (2008–2012)
Cereal,Pearl millet/ Bajra,,,MH 1540 (86M64) (Hybrid),,,,,,,India,Supplied crop-variety release dataset (2008–2012)
Cereal,Pearl millet/ Bajra,,,MH 1541 (86M53) (Hybrid),,,,,,,India,Supplied crop-variety release dataset (2008–2012)
Cereal,Pearl millet/ Bajra,,,MP-7792 (MH-1609),,,,,,,India,Supplied crop-variety release dataset (2008–2012)
Cereal,Pearl millet/ Bajra,,,MP-7872 (MH-1610),,,,,,,India,Supplied crop-variety release dataset (2008–2012)
Cereal,Pearl millet/ Bajra,,,Mandor Bajra Composite 2 (MBC2),,,,,,,India,Supplied crop-variety release dataset (2008–2012)
Cereal,Pearl millet/ Bajra,,,Nandi-61 (MH-1548),,,,,,,India,Supplied crop-variety release dataset (2008–2012)
Cereal,Pearl millet/ Bajra,,,Nandi-64 (MSH 199) (NMH 69),,,,,,,India,Supplied crop-variety release dataset (2008–2012)
Cereal,Pearl millet/ Bajra,,,Nandi-65 (MH-1549),,,,,,,India,Supplied crop-variety release dataset (2008–2012)
Cereal,Pearl millet/ Bajra,,,Narendra Chara Bajra-2(NDFB-2),,,,,,,India,Supplied crop-variety release dataset (2008–2012)
Cereal,Pearl millet/ Bajra,,,PAC 909 (MH-1435),,,,,,,India,Supplied crop-variety release dataset (2008–2012)
Cereal,Pearl millet/ Bajra,,,PHB-2168,,,,,,,India,Supplied crop-variety release dataset (2008–2012)
Cereal,Pearl millet/ Bajra,,,PKV-Raj (BBH 3),,,,,,,India,Supplied crop-variety release dataset (2008–2012)
Cereal,Pearl millet/ Bajra,,,PUSA COMPOSITE 443 (PPMP579),,,,,,,India,Supplied crop-variety release dataset (2008–2012)
Cereal,Pearl millet/ Bajra,,,RHB 177 (MH 1486),,,,,,,India,Supplied crop-variety release dataset (2008–2012)
Cereal,Pearl millet/ Bajra,,,RHB-154 (MH-1340),,,,,,,India,Supplied crop-variety release dataset (2008–2012)
Cereal,Pearl millet/ Bajra,,,RHRBH-9808,,,,,,,India,Supplied crop-variety release dataset (2008–2012)
Cereal,Pearl millet/ Bajra,,,"Shine (VBBH 3040), (MH 1578) (Hybrid)",,,,,,,India,Supplied crop-variety release dataset (2008–2012)
Cereal,Proso millet,,,CO (PV) 5,,,,,,,India,Supplied crop-variety release dataset (2008–2012)
Cereal,Proso millet,,,PRCI,,,,,,,India,Supplied crop-variety release dataset (2008–2012)
Cereal,Proso millet,,,TNAU - 164,,,,,,,India,Supplied crop-variety release dataset (2008–2012)
Cereal,Proso millet,,,TNAU -151,,,,,,,India,Supplied crop-variety release dataset (2008–2012)
Cereal,Proso millet,,,TNAU-145,,,,,,,India,Supplied crop-variety release dataset (2008–2012)
Cereal,Ragi,,,ML-365,,,,,,,India,Supplied crop-variety release dataset (2008–2012)
Cereal,Ragi,,,Paiyur(Ra)2,,,,,,,India,Supplied crop-variety release dataset (2008–2012)
Cereal,Sorghum,,,AKSSV-22,,,,,,,India,Supplied crop-variety release dataset (2008–2012)
Cereal,Sorghum,,,CO 30,,,,,,,India,Supplied crop-variety release dataset (2008–2012)
Cereal,Sorghum,,,CSH 24 MF (I.C. No. 560854) (UTMCH-1302),,,,,,,India,Supplied crop-variety release dataset (2008–2012)
Cereal,Sorghum,,,CSH-27 (SPH-1644),,,,,,,India,Supplied crop-variety release dataset (2008–2012)
Cereal,Sorghum,,,CSH28 (NSH54) (SPH 1647) (Hybrid),,,,,,,India,Supplied crop-variety release dataset (2008–2012)
Cereal,Sorghum,,,CSV 27 (SPV 1870),,,,,,,India,Supplied crop-variety release dataset (2008–2012)
Cereal,Sorghum,,,CSV 29 R (SPV 2033),,,,,,,India,Supplied crop-variety release dataset (2008–2012)
Cereal,Sorghum,,,CSV-17(SPV-1489,,,,,,,India,Supplied crop-variety release dataset (2008–2012)
Cereal,Sorghum,,,CSV-20 (SPV-1616),,,,,,,India,Supplied crop-variety release dataset (2008–2012)
Cereal,Sorghum,,,CSV26 (SPV 1829),,,,,,,India,Supplied crop-variety release dataset (2008–2012)
Cereal,Sorghum,,,Co5,,,,,,,India,Supplied crop-variety release dataset (2008–2012)
Cereal,Sorghum,,,DSV 6,,,,,,,India,Supplied crop-variety release dataset (2008–2012)
Cereal,Sorghum,,,Kinnerea (MJ-278),,,,,,,India,Supplied crop-variety release dataset (2008–2012)
Cereal,Sorghum,,,Phule Anuradha (RSV 458),,,,,,,India,Supplied crop-variety release dataset (2008–2012)
Cereal,Sorghum,,,Phule Panchami (RPOSV 3),,,,,,,India,Supplied crop-variety release dataset (2008–2012)
Cereal,Sorghum,,,Phule Revati (RSV 1006),,,,,,,India,Supplied crop-variety release dataset (2008–2012)
Cereal,Sorghum,,,Pratap Chari 1080,,,,,,,India,Supplied crop-variety release dataset (2008–2012)
Cereal,Sorghum,,,SPH-1629 (MLSH 296 Gold/DJ 2002) (Hybrid),,,,,,,India,Supplied crop-variety release dataset (2008–2012)
Cereal,Sorghum,,,SPV-1595 (CSV-18),,,,,,,India,Supplied crop-variety release dataset (2008–2012)
Cereal,Wheat,,,(Pusa Wheat -109),,,,,,,India,Supplied crop-variety release dataset (2008–2012)
Cereal,Wheat,,,AKAW-4627,,,,,,,India,Supplied crop-variety release dataset (2008–2012)
Cereal,Wheat,,,CBW-38,,,,,,,India,Supplied crop-variety release dataset (2008–2012)
Cereal,Wheat,,,CCNNRV01 (Raj Molya Rodhak-1),,,,,,,India,Supplied crop-variety release dataset (2008–2012)
Cereal,Wheat,,,CO W2,,,,,,,India,Supplied crop-variety release dataset (2008–2012)
Cereal,Wheat,,,DBW39,,,,,,,India,Supplied crop-variety release dataset (2008–2012)
Cereal,Wheat,,,DPW 621-50 (PBW 621 & DBW 50),,,,,,,India,Supplied crop-variety release dataset (2008–2012)
Cereal,Wheat,,,GDW-1255,,,,,,,India,Supplied crop-variety release dataset (2008–2012)
Cereal,Wheat,,,GW -11,,,,,,,India,Supplied crop-variety release dataset (2008–2012)
Cereal,Wheat,,,HD 2894,,,,,,,India,Supplied crop-variety release dataset (2008–2012)
Cereal,Wheat,,,HD 2967,,,,,,,India,Supplied crop-variety release dataset (2008–2012)
Cereal,Wheat,,,HD 3043,,,,,,,India,Supplied crop-variety release dataset (2008–2012)
Cereal,Wheat,,,HD 4713 (Pusa Wheat 11),,,,,,,India,Supplied crop-variety release dataset (2008–2012)
Cereal,Wheat,,,HPW 251,,,,,,,India,Supplied crop-variety release dataset (2008–2012)
Cereal,Wheat,,,KRL-210,,,,,,,India,Supplied crop-variety release dataset (2008–2012)
Cereal,Wheat,,,KRL-213,,,,,,,India,Supplied crop-variety release dataset (2008–2012)
Cereal,Wheat,,,M P(J W)-3173,,,,,,,India,Supplied crop-variety release dataset (2008–2012)
Cereal,Wheat,,,MACS 2971,,,,,,,India,Supplied crop-variety release dataset (2008–2012)
Cereal,Wheat,,,MACS 6222,,,,,,,India,Supplied crop-variety release dataset (2008–2012)
Cereal,Wheat,,,MP (JW) 1202 (MP 1202),,,,,,,India,Supplied crop-variety release dataset (2008–2012)
Cereal,Wheat,,,MP 3211 (JW 3211),,,,,,,India,Supplied crop-variety release dataset (2008–2012)
Cereal,Wheat,,,MP 3288 (JW 3288),,,,,,,India,Supplied crop-variety release dataset (2008–2012)
Cereal,Wheat,,,MP(JW)1201 (MP 1201),,,,,,,India,Supplied crop-variety release dataset (2008–2012)
Cereal,Wheat,,,MP-1203,,,,,,,India,Supplied crop-variety release dataset (2008–2012)
Cereal,Wheat,,,MPO(JW) 1215 (MPO 1215),,,,,,,India,Supplied crop-variety release dataset (2008–2012)
Cereal,Wheat,,,Netravati (NIAW 1415),,,,,,,India,Supplied crop-variety release dataset (2008–2012)
Cereal,Wheat,,,PBN -590,,,,,,,India,Supplied crop-variety release dataset (2008–2012)
Cereal,Wheat,,,PBW 644,,,,,,,India,Supplied crop-variety release dataset (2008–2012)
Cereal,Wheat,,,PBW-596,,,,,,,India,Supplied crop-variety release dataset (2008–2012)
Cereal,Wheat,,,PDKV Washim (WSM 1472),,,,,,,India,Supplied crop-variety release dataset (2008–2012)
Cereal,Wheat,,,PDW 314,,,,,,,India,Supplied crop-variety release dataset (2008–2012)
Cereal,Wheat,,,POSHAN (HI8663),,,,,,,India,Supplied crop-variety release dataset (2008–2012)
Cereal,Wheat,,,Purna (HI-1544),,,,,,,India,Supplied crop-variety release dataset (2008–2012)
Cereal,Wheat,,,Pusa Baker (HS-490),,,,,,,India,Supplied crop-variety release dataset (2008–2012)
Cereal,Wheat,,,Pusa Pachheti (HD 3059),,,,,,,India,Supplied crop-variety release dataset (2008–2012)
Cereal,Wheat,,,Pusa Prachi (HI 1563),,,,,,,India,Supplied crop-variety release dataset (2008–2012)
Cereal,Wheat,,,Pusa Suketi HS 507,,,,,,,India,Supplied crop-variety release dataset (2008–2012)
Cereal,Wheat,,,Pusa Wheat-111 (HD-2932),,,,,,,India,Supplied crop-variety release dataset (2008–2012)
Cereal,Wheat,,,RAJ-4120,,,,,,,India,Supplied crop-variety release dataset (2008–2012)
Cereal,Wheat,,,Raj 4079,,,,,,,India,Supplied crop-variety release dataset (2008–2012)
Cereal,Wheat,,,Raj Vijay Wheat 4106 (MP 4106),,,,,,,India,Supplied crop-variety release dataset (2008–2012)
Cereal,Wheat,,,Ratan(CG 5016),,,,,,,India,Supplied crop-variety release dataset (2008–2012)
Cereal,Wheat,,,TL 2969 (Triticale),,,,,,,India,Supplied crop-variety release dataset (2008–2012)
Cereal,Wheat,,,UAS-428 (Durum),,,,,,,India,Supplied crop-variety release dataset (2008–2012)
Cereal,Wheat,,,UP 2628,,,,,,,India,Supplied crop-variety release dataset (2008–2012)
Cereal,Wheat,,,VL Gehun 892,,,,,,,India,Supplied crop-variety release dataset (2008–2012)
Cereal,Wheat,,,VL Gehun 907 (VL 907),,,,,,,India,Supplied crop-variety release dataset (2008–2012)
Cereal,Wheat,,,W H-1021,,,,,,,India,Supplied crop-variety release dataset (2008–2012)
Cereal,Wheat,,,WH 1025,,,,,,,India,Supplied crop-variety release dataset (2008–2012)
Cereal,Wheat,,,WH 1080,,,,,,,India,Supplied crop-variety release dataset (2008–2012)
Cereal,Wheat,,,WHD 943,,,,,,,India,Supplied crop-variety release dataset (2008–2012)
Commercial Crop,Cotton,,,Anand Desi Cotton-1,,,,,,,India,Supplied crop-variety release dataset (2008–2012)
Commercial Crop,Cotton,,,CICR -1 (CISA 310),,,,,,,India,Supplied crop-variety release dataset (2008–2012)
Commercial Crop,Cotton,,,CICR-3 (CISA 614),,,,,,,India,Supplied crop-variety release dataset (2008–2012)
Commercial Crop,Cotton,,,CNH012,,,,,,,India,Supplied crop-variety release dataset (2008–2012)
Commercial Crop,Cotton,,,DDh C-11,,,,,,,India,Supplied crop-variety release dataset (2008–2012)
Commercial Crop,Cotton,,,DHH-543 (Suvidha),,,,,,,India,Supplied crop-variety release dataset (2008–2012)
Commercial Crop,Cotton,,,DLSA-17,,,,,,,India,Supplied crop-variety release dataset (2008–2012)
Commercial Crop,Cotton,,,Desi Cotton (Hybrid) KR-64,,,,,,,India,Supplied crop-variety release dataset (2008–2012)
Commercial Crop,Cotton,,,H 1098 – improved,,,,,,,India,Supplied crop-variety release dataset (2008–2012)
Commercial Crop,Cotton,,,H 1236,,,,,,,India,Supplied crop-variety release dataset (2008–2012)
Commercial Crop,Cotton,,,H-1300,,,,,,,India,Supplied crop-variety release dataset (2008–2012)
Commercial Crop,Cotton,,,HD 432,,,,,,,India,Supplied crop-variety release dataset (2008–2012)
Commercial Crop,Cotton,,,Hybrid CSHH 243,,,,,,,India,Supplied crop-variety release dataset (2008–2012)
Commercial Crop,Cotton,,,LH 2076,,,,,,,India,Supplied crop-variety release dataset (2008–2012)
Commercial Crop,Cotton,,,NH-615,,,,,,,India,Supplied crop-variety release dataset (2008–2012)
Commercial Crop,Cotton,,,Nirmal-12 (NACH-12),,,,,,,India,Supplied crop-variety release dataset (2008–2012)
Commercial Crop,Cotton,,,Orugallu Krishna (WGHH-2),,,,,,,India,Supplied crop-variety release dataset (2008–2012)
Commercial Crop,Cotton,,,PKV,,,,,,,India,Supplied crop-variety release dataset (2008–2012)
Commercial Crop,Cotton,,,Phule Anmol (RAC 024),,,,,,,India,Supplied crop-variety release dataset (2008–2012)
Commercial Crop,Cotton,,,Phule-688(RHC-688),,,,,,,India,Supplied crop-variety release dataset (2008–2012)
Commercial Crop,Cotton,,,PhuleDhanwantry,,,,,,,India,Supplied crop-variety release dataset (2008–2012)
Commercial Crop,Cotton,,,RAH-100,,,,,,,India,Supplied crop-variety release dataset (2008–2012)
Commercial Crop,Cotton,,,RAHB-87,,,,,,,India,Supplied crop-variety release dataset (2008–2012)
Commercial Crop,Cotton,,,RAHH-95,,,,,,,India,Supplied crop-variety release dataset (2008–2012)
Commercial Crop,Cotton,,,RAHH-98,,,,,,,India,Supplied crop-variety release dataset (2008–2012)
Commercial Crop,Cotton,,,RAS 299-1,,,,,,,India,Supplied crop-variety release dataset (2008–2012)
Commercial Crop,Cotton,,,SVPR 4,,,,,,,India,Supplied crop-variety release dataset (2008–2012)
Commercial Crop,Cotton,,,Sampoorna (DHN-6),,,,,,,India,Supplied crop-variety release dataset (2008–2012)
Commercial Crop,Cotton,,,Suraj (CCH 510-4),,,,,,,India,Supplied crop-variety release dataset (2008–2012)
Commercial Crop,Cotton,,,VBCH 2231,,,,,,,India,Supplied crop-variety release dataset (2008–2012)
Commercial Crop,Desi cotton,,,FDK 124,,,,,,,India,Supplied crop-variety release dataset (2008–2012)
Commercial Crop,Jute,,,ANKIT (NDC-2008),,,,,,,India,Supplied crop-variety release dataset (2008–2012)
Commercial Crop,Jute,,,ARPITA (JBC-5),,,,,,,India,Supplied crop-variety release dataset (2008–2012)
Commercial Crop,Jute,,,JRC-517 (C-517),,,,,,,India,Supplied crop-variety release dataset (2008–2012)
Commercial Crop,Jute,,,JRC-532 (C-532),,,,,,,India,Supplied crop-variety release dataset (2008–2012)
Commercial Crop,Jute,,,JRCM-2 (PARTHO),,,,,,,India,Supplied crop-variety release dataset (2008–2012)
Commercial Crop,Jute,,,JROM-1 (PRADIP),,,,,,,India,Supplied crop-variety release dataset (2008–2012)
Commercial Crop,Jute,,,MONALISA (RRPS-27-C-3),,,,,,,India,Supplied crop-variety release dataset (2008–2012)
Commercial Crop,Jute,,,SUDHANGSU (JBO-1),,,,,,,India,Supplied crop-variety release dataset (2008–2012)
Commercial Crop,Jute,,,Sourav (CO-58),,,,,,,India,Supplied crop-variety release dataset (2008–2012)
Commercial Crop,Mesta (Roselle),,,AMU-7 (AHS 160),,,,,,,India,Supplied crop-variety release dataset (2008–2012)
Commercial Crop,Mesta (Roselle),,,JMB-2004- D,,,,,,,India,Supplied crop-variety release dataset (2008–2012)
Commercial Crop,Mesta (Roselle),,,SHRESTHA (JRM-5),,,,,,,India,Supplied crop-variety release dataset (2008–2012)
Commercial Crop,Mesta (Roselle),,,SNEHA (JRM-3),,,,,,,India,Supplied crop-variety release dataset (2008–2012)
Commercial Crop,Mesta (Roselle),,,Shakti (JBM-81),,,,,,,India,Supplied crop-variety release dataset (2008–2012)
Commercial Crop,Sugarcane,,,(Co-05011),,,,,,,India,Supplied crop-variety release dataset (2008–2012)
Commercial Crop,Sugarcane,,,Birendra (Colk 94184),,,,,,,India,Supplied crop-variety release dataset (2008–2012)
Commercial Crop,Sugarcane,,,CO-0232,,,,,,,India,Supplied crop-variety release dataset (2008–2012)
Commercial Crop,Sugarcane,,,CO-0233,,,,,,,India,Supplied crop-variety release dataset (2008–2012)
Commercial Crop,Sugarcane,,,CO-0238,,,,,,,India,Supplied crop-variety release dataset (2008–2012)
Commercial Crop,Sugarcane,,,CO-2001-15,,,,,,,India,Supplied crop-variety release dataset (2008–2012)
Commercial Crop,Sugarcane,,,CO-94012,,,,,,,India,Supplied crop-variety release dataset (2008–2012)
Commercial Crop,Sugarcane,,,Co 0237,,,,,,,India,Supplied crop-variety release dataset (2008–2012)
Commercial Crop,Sugarcane,,,Co 0403,,,,,,,India,Supplied crop-variety release dataset (2008–2012)
Commercial Crop,Sugarcane,,,Co 92005,,,,,,,India,Supplied crop-variety release dataset (2008–2012)
Commercial Crop,Sugarcane,,,Co-0218,,,,,,,India,Supplied crop-variety release dataset (2008–2012)
Commercial Crop,Sugarcane,,,CoC(SC)24,,,,,,,India,Supplied crop-variety release dataset (2008–2012)
Commercial Crop,Sugarcane,,,CoOr 03151 (Neelamadhab),,,,,,,India,Supplied crop-variety release dataset (2008–2012)
Commercial Crop,Sugarcane,,,CoVSI-9805,,,,,,,India,Supplied crop-variety release dataset (2008–2012)
Commercial Crop,Sugarcane,,,Haryana Ganna 128(CoH 128),,,,,,,India,Supplied crop-variety release dataset (2008–2012)
Commercial Crop,Sugarcane,,,Karan 5 (Co 0124),,,,,,,India,Supplied crop-variety release dataset (2008–2012)
Commercial Crop,Sugarcane,,,Karan 6 (Co 0239),,,,,,,India,Supplied crop-variety release dataset (2008–2012)
Commercial Crop,Sugarcane,,,Karan-2 (Co-0118),,,,,,,India,Supplied crop-variety release dataset (2008–2012)
Commercial Crop,Sugarcane,,,Karan-9,,,,,,,India,Supplied crop-variety release dataset (2008–2012)
Commercial Crop,Sugarcane,,,Pratap Ganna-1 (CoPk-05191),,,,,,,India,Supplied crop-variety release dataset (2008–2012)
Commercial Crop,Sugarcane,,,Sulabh (CO-2001-13),,,,,,,India,Supplied crop-variety release dataset (2008–2012)
Commercial Crop,Sunhemp,,,Ankur (SUIN-037),,,,,,,India,Supplied crop-variety release dataset (2008–2012)
Commercial Crop,Sunhemp,,,SUN-053,,,,,,,India,Supplied crop-variety release dataset (2008–2012)
Fodder,Anjan Grass,,,Gujarat Anand Anjan Grass -1 (GAAG-1),,,,,,,India,Supplied crop-variety release dataset (2008–2012)
Fodder,Cluster bean,,,GUAR KUNJAL (RGC- 1033),,,,,,,India,Supplied crop-variety release dataset (2008–2012)
Fodder,Cluster bean,,,HG 870,,,,,,,India,Supplied crop-variety release dataset (2008–2012)
Fodder,Cowpea,,,UPC 628,,,,,,,India,Supplied crop-variety release dataset (2008–2012)
Fodder,Cowpea,,,UPC-625,,,,,,,India,Supplied crop-variety release dataset (2008–2012)
Fodder,Forage bajra,,,NDFB-3 (Narendra Chara Bajra-3),,,,,,,India,Supplied crop-variety release dataset (2008–2012)
Fodder,Guar,,,Rajasthan Guar-1038 (RGC—1038),,,,,,,India,Supplied crop-variety release dataset (2008–2012)
Fodder,Guinea grass,,,Bundel Guinea-2 (JHGG-04-1),,,,,,,India,Supplied crop-variety release dataset (2008–2012)
Fodder,Guinea grass,,,Selection 1,,,,,,,India,Supplied crop-variety release dataset (2008–2012)
Fodder,Horse gram,,,CRIDA-1-18R,,,,,,,India,Supplied crop-variety release dataset (2008–2012)
Fodder,Horse gram,,,GPM-6,,,,,,,India,Supplied crop-variety release dataset (2008–2012)
Fodder,Horse gram,,,VL Gahat – 19 (VLG-19),,,,,,,India,Supplied crop-variety release dataset (2008–2012)
Fodder,Horse gram,,,VL Gahat-15 (VLG-15),,,,,,,India,Supplied crop-variety release dataset (2008–2012)
Fodder,Hybrid napier grass,,,APBN-1,,,,,,,India,Supplied crop-variety release dataset (2008–2012)
Fodder,Lucerne,,,AL-3 (Anand Lucane-3),,,,,,,India,Supplied crop-variety release dataset (2008–2012)
Fodder,Marvel grass,,,Gujarat Anand Marvel Grass-2,,,,,,,India,Supplied crop-variety release dataset (2008–2012)
Fodder,Napier bajra hybrid,,,Napier Grass Culture 21,,,,,,,India,Supplied crop-variety release dataset (2008–2012)
Fodder,Napier bajra hybrid,,,Napier Grass Culture 4,,,,,,,India,Supplied crop-variety release dataset (2008–2012)
Fodder,Napier bajra hybrid,,,Phule Jaywant (RBN-13),,,,,,,India,Supplied crop-variety release dataset (2008–2012)
Fodder,Oat,,,(NDO - 1),,,,,,,India,Supplied crop-variety release dataset (2008–2012)
Fodder,Oat,,,JO 03-91 (SC),,,,,,,India,Supplied crop-variety release dataset (2008–2012)
Fodder,Oat,,,Narendra Jayee -1,,,,,,,India,Supplied crop-variety release dataset (2008–2012)
Fodder,Oat,,,OS 346,,,,,,,India,Supplied crop-variety release dataset (2008–2012)
Fodder,Pearl millet,,,BAIF Bajra-1,,,,,,,India,Supplied crop-variety release dataset (2008–2012)
Fodder,Sorghum,,,(UTFS 46),,,,,,,India,Supplied crop-variety release dataset (2008–2012)
Fodder,Sorghum,,,(UTMC 535),,,,,,,India,Supplied crop-variety release dataset (2008–2012)
Fodder,Sorghum,,,Pant Chari 7,,,,,,,India,Supplied crop-variety release dataset (2008–2012)
Fodder,Sorghum,,,Pant Chari-8,,,,,,,India,Supplied crop-variety release dataset (2008–2012)
Fodder,Sorghum,,,SPSSV 6 (CSV 24 SS),,,,,,,India,Supplied crop-variety release dataset (2008–2012)
Fodder,Tall fescue grass,,,EC 178182,,,,,,,India,Supplied crop-variety release dataset (2008–2012)
Fruit,Avocado,,,Arka Coorg Ravi,,,,,,,India,ICAR Landmark Varieties
Fruit,Avocado,,,Arka Supreme,,,,,,,India,ICAR Landmark Varieties
Fruit,Bael,,,Thar Prakriti,,,,,,,India,ICAR Landmark Varieties
Fruit,Citrus,,,Cutter Valencia,,,,,,,India,ICAR Landmark Varieties
Fruit,Citrus,,,Flame Grapefruit,,,,,,,India,ICAR Landmark Varieties
Fruit,Custard Apple,,,Arka Sahan,,,,,,,India,ICAR Landmark Varieties
Fruit,Grape,,,Manjari Madhura,,,,,,,India,ICAR Landmark Varieties
Fruit,Grape,,,Manjari Manjula,,,,,,,India,ICAR Landmark Varieties
Fruit,Grape,,,Manjari Medika,,,,,,,India,ICAR Landmark Varieties
Fruit,Grape,,,Pura Urvashi,,,,,,,India,ICAR Landmark Varieties
Fruit,Grape,,,Pusa Navrang,,,,,,,India,ICAR Landmark Varieties
Fruit,Guava,,,Arka Kiran,,,,,,,India,ICAR Landmark Varieties
Fruit,Guava,,,CISH Lalit,,,,,,,India,ICAR Landmark Varieties
Fruit,Guava,,,CISH Shweta,,,,,,,India,ICAR Landmark Varieties
Fruit,Mango,,,Arka Suprabhath,,,,,,,India,ICAR Landmark Varieties
Fruit,Mango,,,Arka Udaya,,,,,,,India,ICAR Landmark Varieties
Fruit,Mango,,,CISH Ambika,,,,,,,India,ICAR Landmark Varieties
Fruit,Mango,,,CISH Arunika,,,,,,,India,ICAR Landmark Varieties
Fruit,Mango,,,Pusa Arunima,,,,,,,India,ICAR Landmark Varieties
Fruit,Mango,,,Pusa Deepshikha,,,,,,,India,ICAR Landmark Varieties
Oilseed,Babchi,,,Pratap Babchi-1,,,,,,,India,Supplied crop-variety release dataset (2008–2012)
Oilseed,Brown Sarson,,,Shalimar Sarson – 1,,,,,,,India,Supplied crop-variety release dataset (2008–2012)
Oilseed,Castor,,,DCS-107,,,,,,,India,Supplied crop-variety release dataset (2008–2012)
Oilseed,Castor,,,DSP 222 (Hyrid),,,,,,,India,Supplied crop-variety release dataset (2008–2012)
Oilseed,Castor,,,JI-273 (GC3),,,,,,,India,Supplied crop-variety release dataset (2008–2012)
Oilseed,Castor,,,K-8501(Chandra Prabha),,,,,,,India,Supplied crop-variety release dataset (2008–2012)
Oilseed,Castor,,,YRCH-1,,,,,,,India,Supplied crop-variety release dataset (2008–2012)
Oilseed,Gobhi,,,Him Sarson-1,,,,,,,India,Supplied crop-variety release dataset (2008–2012)
Oilseed,Gobhi,,,NUDB-26-11,,,,,,,India,Supplied crop-variety release dataset (2008–2012)
Oilseed,Groundnut,,,AK-303,,,,,,,India,Supplied crop-variety release dataset (2008–2012)
Oilseed,Groundnut,,,Ajeya (R-2001-3),,,,,,,India,Supplied crop-variety release dataset (2008–2012)
Oilseed,Groundnut,,,CO 6,,,,,,,India,Supplied crop-variety release dataset (2008–2012)
Oilseed,Groundnut,,,Divya (CSMG-2003-19),,,,,,,India,Supplied crop-variety release dataset (2008–2012)
Oilseed,Groundnut,,,GJG-HPS-1(JSP-HPS-44),,,,,,,India,Supplied crop-variety release dataset (2008–2012)
Oilseed,Groundnut,,,GPBD 5,,,,,,,India,Supplied crop-variety release dataset (2008–2012)
Oilseed,Groundnut,,,Girnar - 3 (PBS 12160),,,,,,,India,Supplied crop-variety release dataset (2008–2012)
Oilseed,Groundnut,,,Greeshma,,,,,,,India,Supplied crop-variety release dataset (2008–2012)
Oilseed,Groundnut,,,Gujarat Junagarh Groundnut 31 (GJG-31) (J-71),,,,,,,India,Supplied crop-variety release dataset (2008–2012)
Oilseed,Groundnut,,,Gujarat Junagarh Groundnut 9 (GJG-9) (J-69),,,,,,,India,Supplied crop-variety release dataset (2008–2012)
Oilseed,Groundnut,,,Gujarat Junagarh Groundnut-17 (JSP-48),,,,,,,India,Supplied crop-variety release dataset (2008–2012)
Oilseed,Groundnut,,,Gujarat Junagarh Groundnut-22 (JSSP-36),,,,,,,India,Supplied crop-variety release dataset (2008–2012)
Oilseed,Groundnut,,,HNG - 69,,,,,,,India,Supplied crop-variety release dataset (2008–2012)
Oilseed,Groundnut,,,HNG-123,,,,,,,India,Supplied crop-variety release dataset (2008–2012)
Oilseed,Groundnut,,,ICGV 00350,,,,,,,India,Supplied crop-variety release dataset (2008–2012)
Oilseed,Groundnut,,,ICGV-00348,,,,,,,India,Supplied crop-variety release dataset (2008–2012)
Oilseed,Groundnut,,,ICHG00440 (Mallika),,,,,,,India,Supplied crop-variety release dataset (2008–2012)
Oilseed,Groundnut,,,JL-501,,,,,,,India,Supplied crop-variety release dataset (2008–2012)
Oilseed,Groundnut,,,Jawahar Groundnut -23 (JGN-23),,,,,,,India,Supplied crop-variety release dataset (2008–2012)
Oilseed,Groundnut,,,Kadiri Harithandhra (K 1319),,,,,,,India,Supplied crop-variety release dataset (2008–2012)
Oilseed,Groundnut,,,Kadiri-7,,,,,,,India,Supplied crop-variety release dataset (2008–2012)
Oilseed,Groundnut,,,Kadiri-8,,,,,,,India,Supplied crop-variety release dataset (2008–2012)
Oilseed,Groundnut,,,Kadiri-9,,,,,,,India,Supplied crop-variety release dataset (2008–2012)
Oilseed,Groundnut,,,Pratap Raj Mungphali,,,,,,,India,Supplied crop-variety release dataset (2008–2012)
Oilseed,Groundnut,,,RARS-T-1 Groundnut,,,,,,,India,Supplied crop-variety release dataset (2008–2012)
Oilseed,Groundnut,,,RARS-T-2 Groundnut,,,,,,,India,Supplied crop-variety release dataset (2008–2012)
Oilseed,Groundnut,,,RG 425,,,,,,,India,Supplied crop-variety release dataset (2008–2012)
Oilseed,Groundnut,,,Raj Mungfali-1 (RG-510),,,,,,,India,Supplied crop-variety release dataset (2008–2012)
Oilseed,Groundnut,,,TG-39 (Trombay Bikaner),,,,,,,India,Supplied crop-variety release dataset (2008–2012)
Oilseed,Groundnut,,,TG-51,,,,,,,India,Supplied crop-variety release dataset (2008–2012)
Oilseed,Groundnut,,,TGLPS-3 (TDG-39),,,,,,,India,Supplied crop-variety release dataset (2008–2012)
Oilseed,Groundnut,,,VL Moongphali 1,,,,,,,India,Supplied crop-variety release dataset (2008–2012)
Oilseed,Groundnut,,,VRI (Gn) 6 (VG 9816),,,,,,,India,Supplied crop-variety release dataset (2008–2012)
Oilseed,Groundnut,,,VRI (Gn) 7,,,,,,,India,Supplied crop-variety release dataset (2008–2012)
Oilseed,Groundnut,,,Vijetha (R-2001-2),,,,,,,India,Supplied crop-variety release dataset (2008–2012)
Oilseed,Linseed,,,Azad Aisi-1 (LMS9-2K),,,,,,,India,Supplied crop-variety release dataset (2008–2012)
Oilseed,Linseed,,,Bhagsu,,,,,,,India,Supplied crop-variety release dataset (2008–2012)
Oilseed,Linseed,,,Himani (KL-214),,,,,,,India,Supplied crop-variety release dataset (2008–2012)
Oilseed,Linseed,,,JLS-67 (Shival),,,,,,,India,Supplied crop-variety release dataset (2008–2012)
Oilseed,Linseed,,,JLS-73 (SLS-73),,,,,,,India,Supplied crop-variety release dataset (2008–2012)
Oilseed,Linseed,,,Jawahar Linseed-41(PKDL-41),,,,,,,India,Supplied crop-variety release dataset (2008–2012)
Oilseed,Linseed,,,Mau Azad Alsi-2 (LMS-149-4),,,,,,,India,Supplied crop-variety release dataset (2008–2012)
Oilseed,Linseed,,,RLC 92 (IC555926),,,,,,,India,Supplied crop-variety release dataset (2008–2012)
Oilseed,Linseed,,,Ruchi (LCK 5021),,,,,,,India,Supplied crop-variety release dataset (2008–2012)
Oilseed,Niger,,,(IGPN-2004-1),,,,,,,India,Supplied crop-variety release dataset (2008–2012)
Oilseed,Niger,,,Birsa Niger-3 (BNS-11),,,,,,,India,Supplied crop-variety release dataset (2008–2012)
Oilseed,Niger,,,Brisa Niger-1 (BNS-10),,,,,,,India,Supplied crop-variety release dataset (2008–2012)
Oilseed,Niger,,,KBN-1,,,,,,,India,Supplied crop-variety release dataset (2008–2012)
Oilseed,Niger,,,Phule Karala(IGPN 2004-1),,,,,,,India,Supplied crop-variety release dataset (2008–2012)
Oilseed,Niger,,,Phule Karala- 1,,,,,,,India,Supplied crop-variety release dataset (2008–2012)
Oilseed,Niger,,,UTKAL NIGER-150 (ONS-150),,,,,,,India,Supplied crop-variety release dataset (2008–2012)
Oilseed,Rapseed mustard group,,,CORAL 432 (PAC 432) (Hybrid),,,,,,,India,Supplied crop-variety release dataset (2008–2012)
Oilseed,Rapseed mustard group,,,CORAL-437 (PAC-437),,,,,,,India,Supplied crop-variety release dataset (2008–2012)
Oilseed,Rapseed mustard group,,,CS-56 (CS 234-2),,,,,,,India,Supplied crop-variety release dataset (2008–2012)
Oilseed,Rapseed mustard group,,,Chhattisgarh Sarson,,,,,,,India,Supplied crop-variety release dataset (2008–2012)
Oilseed,Rapseed mustard group,,,DRMR 601 (NRCDR 601),,,,,,,India,Supplied crop-variety release dataset (2008–2012)
Oilseed,Rapseed mustard group,,,Dhara Mustard Hybrid-1 (DMH-I),,,,,,,India,Supplied crop-variety release dataset (2008–2012)
Oilseed,Rapseed mustard group,,,Pant Pili Sarson -1,,,,,,,India,Supplied crop-variety release dataset (2008–2012)
Oilseed,Rapseed mustard group,,,Pant Rai-19 (PR-2006-1),,,,,,,India,Supplied crop-variety release dataset (2008–2012)
Oilseed,Rapseed mustard group,,,Pusa Mustard -24 (LET-18),,,,,,,India,Supplied crop-variety release dataset (2008–2012)
Oilseed,Rapseed mustard group,,,Pusa Mustard 22 (LET-17),,,,,,,India,Supplied crop-variety release dataset (2008–2012)
Oilseed,Rapseed mustard group,,,Pusa Mustard 25 (NPJ – 112),,,,,,,India,Supplied crop-variety release dataset (2008–2012)
Oilseed,Rapseed mustard group,,,Pusa Mustard 26 (NPJ-113),,,,,,,India,Supplied crop-variety release dataset (2008–2012)
Oilseed,Rapseed mustard group,,,Pusa Mustard 27 (EJ-17),,,,,,,India,Supplied crop-variety release dataset (2008–2012)
Oilseed,Rapseed mustard group,,,Pusa Mustard 28 (NPJ-124),,,,,,,India,Supplied crop-variety release dataset (2008–2012)
Oilseed,Rapseed mustard group,,,Pusa Vijay (NPJ-93),,,,,,,India,Supplied crop-variety release dataset (2008–2012)
Oilseed,Rapseed mustard group,,,RB-50,,,,,,,India,Supplied crop-variety release dataset (2008–2012)
Oilseed,Rapseed mustard group,,,RGN-145,,,,,,,India,Supplied crop-variety release dataset (2008–2012)
Oilseed,Rapseed mustard group,,,RGN-229,,,,,,,India,Supplied crop-variety release dataset (2008–2012)
Oilseed,Rapseed mustard group,,,RGN-236,,,,,,,India,Supplied crop-variety release dataset (2008–2012)
Oilseed,Rapseed mustard group,,,RH 0119,,,,,,,India,Supplied crop-variety release dataset (2008–2012)
Oilseed,Safflower,,,RSFH-1,,,,,,,India,Supplied crop-variety release dataset (2008–2012)
Oilseed,Safflower,,,RSFH-130 (Bhadra),,,,,,,India,Supplied crop-variety release dataset (2008–2012)
Oilseed,Safflower,,,RSFV-901 (Kanthi),,,,,,,India,Supplied crop-variety release dataset (2008–2012)
Oilseed,Sesame/ Sesamum,,,(RT 351),,,,,,,India,Supplied crop-variety release dataset (2008–2012)
Oilseed,Sesame/ Sesamum,,,AKT-101,,,,,,,India,Supplied crop-variety release dataset (2008–2012)
Oilseed,Sesame/ Sesamum,,,DSS-9,,,,,,,India,Supplied crop-variety release dataset (2008–2012)
Oilseed,Sesame/ Sesamum,,,Gujarat Til -3 (AT-93),,,,,,,India,Supplied crop-variety release dataset (2008–2012)
Oilseed,Sesame/ Sesamum,,,Gujarat Til-4 (GTil-4) (AT-159),,,,,,,India,Supplied crop-variety release dataset (2008–2012)
Oilseed,Sesame/ Sesamum,,,JLT-408,,,,,,,India,Supplied crop-variety release dataset (2008–2012)
Oilseed,Sesame/ Sesamum,,,JLT-408 (JLS-9848-2),,,,,,,India,Supplied crop-variety release dataset (2008–2012)
Oilseed,Sesame/ Sesamum,,,Jawahar Til-12 (PKDS-12),,,,,,,India,Supplied crop-variety release dataset (2008–2012)
Oilseed,Sesame/ Sesamum,,,Jawahar Til-14 (PKDS-8),,,,,,,India,Supplied crop-variety release dataset (2008–2012)
Oilseed,Sesame/ Sesamum,,,Rajasthan Til-346 (RT 346),,,,,,,India,Supplied crop-variety release dataset (2008–2012)
Oilseed,Sesame/ Sesamum,,,Rajasthan Till 351,,,,,,,India,Supplied crop-variety release dataset (2008–2012)
Oilseed,Sesame/ Sesamum,,,Savitri (SWB 32-10-1),,,,,,,India,Supplied crop-variety release dataset (2008–2012)
Oilseed,Sesame/ Sesamum,,,TKG-308,,,,,,,India,Supplied crop-variety release dataset (2008–2012)
Oilseed,Sesame/ Sesamum,,,TMV(Sv)7,,,,,,,India,Supplied crop-variety release dataset (2008–2012)
Oilseed,Soyabean,,,(JS 97-52),,,,,,,India,Supplied crop-variety release dataset (2008–2012)
Oilseed,Soyabean,,,(PS-1225),,,,,,,India,Supplied crop-variety release dataset (2008–2012)
Oilseed,Soyabean,,,DSb-1,,,,,,,India,Supplied crop-variety release dataset (2008–2012)
Oilseed,Soyabean,,,Jawahar Soybean 97-52,,,,,,,India,Supplied crop-variety release dataset (2008–2012)
Oilseed,Soyabean,,,MAUS 158,,,,,,,India,Supplied crop-variety release dataset (2008–2012)
Oilseed,Soyabean,,,PRS-1,,,,,,,India,Supplied crop-variety release dataset (2008–2012)
Oilseed,Soyabean,,,Pant Soybean-1225,,,,,,,India,Supplied crop-variety release dataset (2008–2012)
Oilseed,Soyabean,,,RKS-24,,,,,,,India,Supplied crop-variety release dataset (2008–2012)
Oilseed,Soyabean,,,SL-688,,,,,,,India,Supplied crop-variety release dataset (2008–2012)
Oilseed,Soyabean,,,SL74,,,,,,,India,Supplied crop-variety release dataset (2008–2012)
Oilseed,Soyabean,,,VL Soya 63,,,,,,,India,Supplied crop-variety release dataset (2008–2012)
Oilseed,Soyabean,,,VL Soya 65,,,,,,,India,Supplied crop-variety release dataset (2008–2012)
Oilseed,Soyabean,,,VL Soya59,,,,,,,India,Supplied crop-variety release dataset (2008–2012)
Oilseed,Sunflower,,,CO 2 (Hybrid),,,,,,,India,Supplied crop-variety release dataset (2008–2012)
Oilseed,Sunflower,,,KBSH-53,,,,,,,India,Supplied crop-variety release dataset (2008–2012)
Oilseed,Sunflower,,,PAC-334,,,,,,,India,Supplied crop-variety release dataset (2008–2012)
Oilseed,Sunflower,,,PSH 569,,,,,,,India,Supplied crop-variety release dataset (2008–2012)
Oilseed,Sunflower hybrid,,,PAC 334,,,,,,,India,Supplied crop-variety release dataset (2008–2012)
Oilseed,Sunflower hybrid,,,SSF-708,,,,,,,India,Supplied crop-variety release dataset (2008–2012)
Oilseed,Taramira,,,Vallabh Taramira-1 (PUT 93-11),,,,,,,India,Supplied crop-variety release dataset (2008–2012)
Oilseed,Taramira,,,Vallabh Taramira-2 (PUT 93-1),,,,,,,India,Supplied crop-variety release dataset (2008–2012)
Oilseed,Toria,,,Uttara (PT-2002-25),,,,,,,India,Supplied crop-variety release dataset (2008–2012)
Oilseed,Yellow sarson,,,NRCHB-101,,,,,,,India,Supplied crop-variety release dataset (2008–2012)
Oilseed,Yellow sarson,,,NRCHB-506,,,,,,,India,Supplied crop-variety release dataset (2008–2012)
Oilseed,Yellow sarson,,,NRCYS 05-02,,,,,,,India,Supplied crop-variety release dataset (2008–2012)
Oilseed,Yellow sarson,,,Pitambari (RYSK-05-02),,,,,,,India,Supplied crop-variety release dataset (2008–2012)
Oilseed,Yellow sarson,,,YSH 0401,,,,,,,India,Supplied crop-variety release dataset (2008–2012)
Other,Grain amaranths,,,Phule Kartiki (RGAS 92-10-1),,,,,,,India,Supplied crop-variety release dataset (2008–2012)
Other,Grain amaranths,,,RMA-4 (Rajasthan Mandor Amaranth-4),,,,,,,India,Supplied crop-variety release dataset (2008–2012)
Other,Grain amaranths,,,Rajasthan Mandoor Amarnath 7 (RMA7),,,,,,,India,Supplied crop-variety release dataset (2008–2012)
Other,Grain amaranths,,,SKNA-21,,,,,,,India,Supplied crop-variety release dataset (2008–2012)
Other,Job’s tear (Coix aquatica ),,,Bidhan Coix-1 (KCA-3),,,,,,,India,Supplied crop-variety release dataset (2008–2012)
Other,Tobacco,,,NBO-43,,,,,,,India,Supplied crop-variety release dataset (2008–2012)
Plantation,Arecanut,,,Shatamangala,,,,,,,India,ICAR Landmark Varieties
Plantation,Cashew,,,Nethra Jumbo-1,,,,,,,India,ICAR Landmark Varieties
Plantation,Cocoa,,,VTL CS1,,,,,,,India,ICAR Landmark Varieties
Plantation,Cocoa,,,VTL CS2,,,,,,,India,ICAR Landmark Varieties
Plantation,Coconut,,,Kalpa Suvarna,,,,,,,India,ICAR Landmark Varieties
Plantation,Coconut,,,Kalpa Vajra,,,,,,,India,ICAR Landmark Varieties
Plantation,Oil Palm,,,Godavari Swarna,,,,,,,India,ICAR Landmark Varieties
Pulse,Black gram (Urdbean),,,Co6 COBG 653,,,,,,,India,Supplied crop-variety release dataset (2008–2012)
Pulse,Black gram (Urdbean),,,DU-1,,,,,,,India,Supplied crop-variety release dataset (2008–2012)
Pulse,Black gram (Urdbean),,,IPU 02-43,,,,,,,India,Supplied crop-variety release dataset (2008–2012)
Pulse,Black gram (Urdbean),,,Lam Minumu 752,,,,,,,India,Supplied crop-variety release dataset (2008–2012)
Pulse,Black gram (Urdbean),,,Madhira Minumu – 207,,,,,,,India,Supplied crop-variety release dataset (2008–2012)
Pulse,Black gram (Urdbean),,,Mash 114,,,,,,,India,Supplied crop-variety release dataset (2008–2012)
Pulse,Black gram (Urdbean),,,Mash 391 (LU 391),,,,,,,India,Supplied crop-variety release dataset (2008–2012)
Pulse,Black gram (Urdbean),,,Mash 479 (KUG 479),,,,,,,India,Supplied crop-variety release dataset (2008–2012)
Pulse,Black gram (Urdbean),,,Prasad,,,,,,,India,Supplied crop-variety release dataset (2008–2012)
Pulse,Black gram (Urdbean),,,Rashmi (LB-625),,,,,,,India,Supplied crop-variety release dataset (2008–2012)
Pulse,Black gram (Urdbean),,,Sulata (WBU 109),,,,,,,India,Supplied crop-variety release dataset (2008–2012)
Pulse,Black gram (Urdbean),,,TU 40,,,,,,,India,Supplied crop-variety release dataset (2008–2012)
Pulse,Black gram (Urdbean),,,UH-1 (UH 04-06)* VBN 6,,,,,,,India,Supplied crop-variety release dataset (2008–2012)
Pulse,Black gram (Urdbean),,,UPU 00-31(Himachal Mash 1),,,,,,,India,Supplied crop-variety release dataset (2008–2012)
Pulse,Black gram (Urdbean),,,VBN ( Bg) 5,,,,,,,India,Supplied crop-variety release dataset (2008–2012)
Pulse,Black gram (Urdbean),,,VBN (Bg) 7 (VBG04-008),,,,,,,India,Supplied crop-variety release dataset (2008–2012)
Pulse,Black gram (Urdbean),,,Vishwas (NUL-7),,,,,,,India,Supplied crop-variety release dataset (2008–2012)
Pulse,Cluster bean,,,HG 2-20,,,,,,,India,Supplied crop-variety release dataset (2008–2012)
Pulse,Cluster bean,,,HG 884,,,,,,,India,Supplied crop-variety release dataset (2008–2012)
Pulse,Cowpea,,,C 519(Himachal Lobiya 11),,,,,,,India,Supplied crop-variety release dataset (2008–2012)
Pulse,Cowpea,,,Hidrudaya,,,,,,,India,Supplied crop-variety release dataset (2008–2012)
Pulse,Cowpea,,,Hissar Cowpea-46 (HC 98-46),,,,,,,India,Supplied crop-variety release dataset (2008–2012)
Pulse,Cowpea,,,IT-38 9561-1,,,,,,,India,Supplied crop-variety release dataset (2008–2012)
Pulse,Cowpea,,,KM-5,,,,,,,India,Supplied crop-variety release dataset (2008–2012)
Pulse,Cowpea,,,MFC-08-14 (Forage),,,,,,,India,Supplied crop-variety release dataset (2008–2012)
Pulse,Cowpea,,,Pant Lobia-1,,,,,,,India,Supplied crop-variety release dataset (2008–2012)
Pulse,Field pea,,,Aman (IPF 5-19),,,,,,,India,Supplied crop-variety release dataset (2008–2012)
Pulse,Field pea,,,Dantiwada Fieldpea 1 (SKNP 04-09),,,,,,,India,Supplied crop-variety release dataset (2008–2012)
Pulse,Field pea,,,Gomati (TRCP – 8),,,,,,,India,Supplied crop-variety release dataset (2008–2012)
Pulse,Field pea,,,HA-4,,,,,,,India,Supplied crop-variety release dataset (2008–2012)
Pulse,Field pea,,,HFP 529,,,,,,,India,Supplied crop-variety release dataset (2008–2012)
Pulse,Field pea,,,HFP-9426,,,,,,,India,Supplied crop-variety release dataset (2008–2012)
Pulse,Field pea,,,IPF 4-9,,,,,,,India,Supplied crop-variety release dataset (2008–2012)
Pulse,Field pea,,,Plant Pea -42,,,,,,,India,Supplied crop-variety release dataset (2008–2012)
Pulse,Field pea,,,Sweta (KM-2241),,,,,,,India,Supplied crop-variety release dataset (2008–2012)
Pulse,Field pea,,,VL Matar 47 (VL 47),,,,,,,India,Supplied crop-variety release dataset (2008–2012)
Pulse,Gram/ Bengal gram/ Chickpea,,,BGD-103,,,,,,,India,Supplied crop-variety release dataset (2008–2012)
Pulse,Gram/ Bengal gram/ Chickpea,,,GNG-1581,,,,,,,India,Supplied crop-variety release dataset (2008–2012)
Pulse,Gram/ Bengal gram/ Chickpea,,,GPF 2,,,,,,,India,Supplied crop-variety release dataset (2008–2012)
Pulse,Gram/ Bengal gram/ Chickpea,,,Gujarat Junagadh Gram-3(GJG 0207),,,,,,,India,Supplied crop-variety release dataset (2008–2012)
Pulse,Gram/ Bengal gram/ Chickpea,,,HK-4 (HK 05-169),,,,,,,India,Supplied crop-variety release dataset (2008–2012)
Pulse,Gram/ Bengal gram/ Chickpea,,,JG-14,,,,,,,India,Supplied crop-variety release dataset (2008–2012)
Pulse,Gram/ Bengal gram/ Chickpea,,,Jawahar Gram- 6 (JG-6),,,,,,,India,Supplied crop-variety release dataset (2008–2012)
Pulse,Gram/ Bengal gram/ Chickpea,,,Kripa,,,,,,,India,Supplied crop-variety release dataset (2008–2012)
Pulse,Gram/ Bengal gram/ Chickpea,,,L-555 (GLK-26155),,,,,,,India,Supplied crop-variety release dataset (2008–2012)
Pulse,Gram/ Bengal gram/ Chickpea,,,MNK-1,,,,,,,India,Supplied crop-variety release dataset (2008–2012)
Pulse,Gram/ Bengal gram/ Chickpea,,,PKV Harita (AKG 9303-12),,,,,,,India,Supplied crop-variety release dataset (2008–2012)
Pulse,Gram/ Bengal gram/ Chickpea,,,PKV KABULI-4,,,,,,,India,Supplied crop-variety release dataset (2008–2012)
Pulse,Gram/ Bengal gram/ Chickpea,,,Pant Kabuli Chana-1,,,,,,,India,Supplied crop-variety release dataset (2008–2012)
Pulse,Gram/ Bengal gram/ Chickpea,,,Pusa 2024,,,,,,,India,Supplied crop-variety release dataset (2008–2012)
Pulse,Gram/ Bengal gram/ Chickpea,,,RSG-974 (ABHILASHA),,,,,,,India,Supplied crop-variety release dataset (2008–2012)
Pulse,Gram/ Bengal gram/ Chickpea,,,Raj Vijay Gram 203 (RVG 203),,,,,,,India,Supplied crop-variety release dataset (2008–2012)
Pulse,Gram/ Bengal gram/ Chickpea,,,Raj Vijay Kabuli gram 101 (JSC 42),,,,,,,India,Supplied crop-variety release dataset (2008–2012)
Pulse,Gram/ Bengal gram/ Chickpea,,,Raj Vijay gram 201 (JSC 40),,,,,,,India,Supplied crop-variety release dataset (2008–2012)
Pulse,Gram/ Bengal gram/ Chickpea,,,Shubhra (IPCK 2002-29),,,,,,,India,Supplied crop-variety release dataset (2008–2012)
Pulse,Gram/ Bengal gram/ Chickpea,,,Ujjawal (IPCK2004-29),,,,,,,India,Supplied crop-variety release dataset (2008–2012)
Pulse,Green gram (Moong),,,BM 2003-2,,,,,,,India,Supplied crop-variety release dataset (2008–2012)
Pulse,Green gram (Moong),,,IPM 02-14,,,,,,,India,Supplied crop-variety release dataset (2008–2012)
Pulse,Green gram (Moong),,,IPM 02-3,,,,,,,India,Supplied crop-variety release dataset (2008–2012)
Pulse,Green gram (Moong),,,KKM-3,,,,,,,India,Supplied crop-variety release dataset (2008–2012)
Pulse,Green gram (Moong),,,KM 2195 (Swati),,,,,,,India,Supplied crop-variety release dataset (2008–2012)
Pulse,Green gram (Moong),,,MH-125,,,,,,,India,Supplied crop-variety release dataset (2008–2012)
Pulse,Green gram (Moong),,,MH-421,,,,,,,India,Supplied crop-variety release dataset (2008–2012)
Pulse,Green gram (Moong),,,Madhira Pesara 347,,,,,,,India,Supplied crop-variety release dataset (2008–2012)
Pulse,Green gram (Moong),,,PKV AKM-4 (AKM-9904),,,,,,,India,Supplied crop-variety release dataset (2008–2012)
Pulse,Green gram (Moong),,,PKV GREEN GOLD,,,,,,,India,Supplied crop-variety release dataset (2008–2012)
Pulse,Green gram (Moong),,,Pant Mung-5,,,,,,,India,Supplied crop-variety release dataset (2008–2012)
Pulse,Green gram (Moong),,,Piary Mung,,,,,,,India,Supplied crop-variety release dataset (2008–2012)
Pulse,Green gram (Moong),,,Pusa 0672,,,,,,,India,Supplied crop-variety release dataset (2008–2012)
Pulse,Green gram (Moong),,,VBN(Gg) 3,,,,,,,India,Supplied crop-variety release dataset (2008–2012)
Pulse,Green gram (Moong),,,WBM-29,,,,,,,India,Supplied crop-variety release dataset (2008–2012)
Pulse,Green gram (Moong),,,WBM-4-34-1-1,,,,,,,India,Supplied crop-variety release dataset (2008–2012)
Pulse,Hourse gram or Kulthi,,,CRIDALATHA (CRHG-4),,,,,,,India,Supplied crop-variety release dataset (2008–2012)
Pulse,Hourse gram or Kulthi,,,Gujarat Dantiwada Horsegram-1 (GHG-5),,,,,,,India,Supplied crop-variety release dataset (2008–2012)
Pulse,Hourse gram or Kulthi,,,Indira Kulthi-1 (IKGH-05-01),,,,,,,India,Supplied crop-variety release dataset (2008–2012)
Pulse,Indian bean,,,Gujarat Wal-2,,,,,,,India,Supplied crop-variety release dataset (2008–2012)
Pulse,Latharus,,,Mahateora,,,,,,,India,Supplied crop-variety release dataset (2008–2012)
Pulse,Lentil,,,IPL-316,,,,,,,India,Supplied crop-variety release dataset (2008–2012)
Pulse,Lentil,,,LL931,,,,,,,India,Supplied crop-variety release dataset (2008–2012)
Pulse,Lentil,,,MOITREE (WBL-77),,,,,,,India,Supplied crop-variety release dataset (2008–2012)
Pulse,Lentil,,,Pant Lentil 6 (PL 02),,,,,,,India,Supplied crop-variety release dataset (2008–2012)
Pulse,Lentil,,,Pant Lentil 7 (PL 024),,,,,,,India,Supplied crop-variety release dataset (2008–2012)
Pulse,Lentil,,,Pant Lentil-7 (Pant L-024),,,,,,,India,Supplied crop-variety release dataset (2008–2012)
Pulse,Lentil,,,Pant Lentil-8 (Pant L-063),,,,,,,India,Supplied crop-variety release dataset (2008–2012)
Pulse,Lentil,,,Shekhar Massor -2 (KLB -303),,,,,,,India,Supplied crop-variety release dataset (2008–2012)
Pulse,Lentil,,,Shekhar Massor -3 (KL -320),,,,,,,India,Supplied crop-variety release dataset (2008–2012)
Pulse,Lentil,,,VL Masoor 129,,,,,,,India,Supplied crop-variety release dataset (2008–2012)
Pulse,Lentil,,,VL Masoor 133 (VL 133),,,,,,,India,Supplied crop-variety release dataset (2008–2012)
Pulse,Lentil,,,VL Masoor 514 (VL 514),,,,,,,India,Supplied crop-variety release dataset (2008–2012)
Pulse,Pigeonpea (Arhar),,,Anand Grain Tur-2 (AGT-2),,,,,,,India,Supplied crop-variety release dataset (2008–2012)
Pulse,Pigeonpea (Arhar),,,BDN 711 (BDN 2004-3),,,,,,,India,Supplied crop-variety release dataset (2008–2012)
Pulse,Pigeonpea (Arhar),,,BRG-2,,,,,,,India,Supplied crop-variety release dataset (2008–2012)
Pulse,Pigeonpea (Arhar),,,Pant Arhar-291 (PA-291),,,,,,,India,Supplied crop-variety release dataset (2008–2012)
Pulse,Pigeonpea (Arhar),,,Pusa 2002,,,,,,,India,Supplied crop-variety release dataset (2008–2012)
Pulse,Pigeonpea (Arhar),,,Rajeevlochan,,,,,,,India,Supplied crop-variety release dataset (2008–2012)
Pulse,Pigeonpea (Arhar),,,Surya (MRG-1004),,,,,,,India,Supplied crop-variety release dataset (2008–2012)
Pulse,Pigeonpea (Arhar),,,TJT 501,,,,,,,India,Supplied crop-variety release dataset (2008–2012)
Pulse,Pigeonpea (Arhar),,,TS-3R,,,,,,,India,Supplied crop-variety release dataset (2008–2012)
Pulse,Rajmash (French bean),,,Gujarat Rajmash-1 (DPR 88-1-2),,,,,,,India,Supplied crop-variety release dataset (2008–2012)
Spice,Turmeric,,,Megha Turmeric 1,,,,,,,India,ICAR Landmark Varieties
Vegetable,Brinjal,,,Kashi Vijay,,,,,,,India,ICAR Landmark Varieties
Vegetable,Chilli,,,Arka Tejasvi,,,,,,,India,ICAR Landmark Varieties
Vegetable,Colocasia,,,Megha Taro 3,,,,,,,India,ICAR Landmark Varieties
Vegetable,French Bean,,,Arka Arjun,,,,,,,India,ICAR Landmark Varieties
Vegetable,Okra,,,Kashi Prakram,,,,,,,India,ICAR Landmark Varieties
Vegetable,Onion,,,Bhima Shakti,,,,,,,India,ICAR Landmark Varieties
Vegetable,Onion,,,Bhima Super,,,,,,,India,ICAR Landmark Varieties
Vegetable,Potato,,,Kufri Chipsona-4,,,,,,,India,ICAR Landmark Varieties
Vegetable,Potato,,,Kufri FryoM,,,,,,,India,ICAR Landmark Varieties
Vegetable,Ridge Gourd,,,Arka Prasanna,,,,,,,India,ICAR Landmark Varieties
Vegetable,Tomato,,,Arka Rakshak,,,,,,,India,ICAR Landmark Varieties
Vegetable,Tomato,,,Arka Samrat,,,,,,,India,ICAR Landmark Varieties
