rainfall_mm,temperature_c,humidity_pct,soil_moisture_pct,ndvi,crop_failure,latitude,longitude,crop,soil_type,irrigation_type
78.6,23.8,63.9,43.4,0.75,0,18.3478,75.1096,Cotton,Black Soil,Drip
29.1,39.7,37.9,14.1,0.15,1,19.1128,77.3465,Soybean,Clay,Rainfed
35.5,34.2,29.5,9.7,0.13,1,18.1738,75.2971,Cotton,Clay,Rainfed
164.7,29.6,78.1,42.6,0.56,0,19.1576,73.399,Soybean,Black Soil,Borewell
30.4,37.4,29.3,7.7,0.11,1,20.5921,76.0457,Soybean,Loamy,Rainfed
44.6,40.7,33.9,13.9,0.24,1,18.9162,73.1605,Wheat,Clay,Rainfed
157.2,28.2,63.5,37.5,0.82,0,18.5715,73.6982,Sugarcane,Loamy,Canal
137.1,26.8,69.5,49.9,0.59,0,21.0231,77.3055,Soybean,Red Soil,Borewell
130.8,27.0,73.7,31.3,0.72,0,20.7211,73.5728,Sugarcane,Alluvial,Canal
22.4,38.4,43.8,16.4,0.11,1,18.7146,77.5631,Wheat,Loamy,Rainfed
327.3,41.4,82.4,18.8,0.1,1,21.512,77.7347,Cotton,Clay,Rainfed
93.2,27.6,92.9,29.1,0.71,0,21.8575,77.6446,Soybean,Alluvial,Borewell
169.2,25.4,75.7,28.0,0.62,0,20.3532,74.1506,Soybean,Black Soil,Rainfed
83.5,21.7,56.3,33.3,0.7,0,19.9417,75.6962,Sugarcane,Loamy,Borewell
23.9,37.9,22.4,13.6,0.13,1,21.4553,73.2709,Cotton,Black Soil,Borewell
90.8,22.9,76.5,28.5,0.61,0,21.4979,73.3769,Sugarcane,Black Soil,Rainfed
153.4,21.1,58.7,43.8,0.62,0,19.9254,77.3233,Cotton,Red Soil,Borewell
20.6,44.1,39.6,8.7,0.21,1,21.1334,76.3094,Rice,Red Soil,Rainfed
159.0,26.4,84.9,26.4,0.73,0,21.4109,73.7872,Sugarcane,Black Soil,Drip
7.7,43.3,30.1,17.2,0.18,1,18.159,73.4099,Sugarcane,Loamy,Canal
33.6,35.9,29.9,13.7,0.12,1,21.0075,73.3627,Rice,Loamy,Rainfed
296.8,36.1,65.9,49.4,0.57,0,18.0313,77.0855,Wheat,Black Soil,Drip
40.6,41.9,23.9,8.7,0.1,1,20.75,77.2646,Sugarcane,Clay,Canal
88.4,25.2,66.1,25.1,0.78,0,19.0478,76.7062,Sugarcane,Clay,Rainfed
42.8,41.3,23.7,5.5,0.13,1,19.7191,73.2091,Wheat,Black Soil,Rainfed
327.6,40.9,93.2,41.5,0.76,0,18.0991,76.6828,Wheat,Clay,Drip
36.5,34.3,41.8,16.2,0.1,1,19.8412,74.526,Soybean,Red Soil,Rainfed
16.1,33.8,39.3,9.6,0.17,1,21.3746,74.6557,Cotton,Black Soil,Rainfed
113.5,22.1,72.4,43.2,0.64,0,20.0457,74.926,Sugarcane,Red Soil,Canal
22.4,39.2,40.2,13.9,0.27,1,18.7881,75.1565,Wheat,Loamy,Canal
41.0,39.1,36.7,9.2,0.21,1,18.7674,76.3246,Rice,Red Soil,Rainfed
119.1,23.1,86.4,40.2,0.65,0,20.7025,75.5559,Soybean,Black Soil,Canal
166.8,24.4,87.7,43.8,0.75,0,18.7965,73.1221,Soybean,Clay,Rainfed
250.0,41.8,84.5,44.8,0.67,0,18.8754,77.0205,Sugarcane,Clay,Rainfed
208.0,22.2,60.3,36.6,0.71,0,19.2692,76.7763,Rice,Loamy,Borewell
154.4,30.0,84.7,36.9,0.63,0,20.5506,76.8291,Sugarcane,Clay,Drip
104.0,35.8,73.0,7.9,0.38,0,19.6631,74.0342,Rice,Clay,Rainfed
186.0,24.8,55.2,33.8,0.78,0,21.8137,75.0951,Sugarcane,Loamy,Drip
114.6,25.9,70.6,41.7,0.79,0,21.362,77.5977,Sugarcane,Loamy,Rainfed
160.8,27.6,58.4,35.7,0.81,0,19.0406,74.6368,Rice,Alluvial,Canal
202.6,45.0,46.2,34.3,0.67,0,20.607,76.7712,Soybean,Red Soil,Rainfed
109.6,25.7,59.6,48.7,0.69,0,19.4756,76.0295,Cotton,Red Soil,Canal
6.0,36.7,36.9,17.5,0.14,1,18.304,76.4531,Soybean,Black Soil,Canal
92.6,30.8,86.3,33.7,0.68,0,20.0238,74.7062,Rice,Clay,Rainfed
127.5,29.9,73.4,28.8,0.6,0,20.6018,76.0796,Sugarcane,Clay,Borewell
181.0,23.7,89.1,45.8,0.58,0,18.9755,75.3235,Sugarcane,Clay,Canal
39.0,35.2,25.3,15.4,0.13,1,20.8047,74.3813,Cotton,Loamy,Rainfed
145.8,28.6,82.6,41.1,0.7,0,18.3722,74.108,Soybean,Alluvial,Canal
152.0,25.3,84.8,33.3,0.76,0,19.0056,73.6033,Soybean,Alluvial,Rainfed
212.9,27.9,62.7,43.5,0.63,0,21.0408,75.984,Cotton,Red Soil,Canal
12.2,33.2,33.4,8.6,0.27,1,20.7897,73.6314,Rice,Black Soil,Rainfed
138.9,22.8,57.1,48.5,0.69,0,19.6028,73.3704,Cotton,Red Soil,Drip
212.6,21.9,64.9,39.0,0.67,0,20.4737,76.8785,Rice,Clay,Borewell
274.1,33.8,39.8,8.7,0.24,1,20.208,73.7827,Rice,Clay,Rainfed
33.3,41.4,31.4,13.9,0.26,1,20.5002,76.3059,Soybean,Clay,Rainfed
206.7,29.3,57.9,29.1,0.64,0,20.2768,74.4431,Cotton,Clay,Canal
211.7,26.0,74.8,27.0,0.56,0,19.2893,74.2518,Cotton,Red Soil,Rainfed
172.5,23.7,56.6,43.9,0.69,0,21.6643,73.9074,Sugarcane,Clay,Borewell
143.2,25.1,67.8,27.6,0.6,0,19.9819,76.3129,Rice,Loamy,Rainfed
120.6,24.2,93.8,35.1,0.7,0,20.6306,75.713,Rice,Black Soil,Drip
122.2,41.4,56.4,6.3,0.55,0,20.8391,74.5538,Cotton,Loamy,Borewell
44.7,44.0,31.5,6.5,0.24,1,20.8664,75.5444,Wheat,Clay,Borewell
27.1,37.6,43.0,11.6,0.25,1,19.105,76.95,Rice,Alluvial,Canal
16.9,40.0,45.0,11.4,0.08,1,19.3805,75.7596,Sugarcane,Clay,Borewell
217.2,23.4,70.3,46.4,0.67,0,19.8919,77.5672,Rice,Clay,Drip
80.4,26.0,78.6,46.7,0.81,0,20.1038,75.2846,Soybean,Clay,Drip
36.3,36.2,35.6,10.2,0.07,1,20.6974,75.6681,Wheat,Clay,Rainfed
32.4,36.4,25.7,6.2,0.28,1,20.8156,73.5025,Soybean,Alluvial,Rainfed
117.5,24.7,60.8,38.3,0.72,0,18.6799,73.3948,Rice,Loamy,Drip
159.6,23.3,80.5,36.5,0.75,0,19.861,74.4382,Sugarcane,Red Soil,Rainfed
125.1,26.9,80.6,35.6,0.63,0,18.7969,74.9235,Rice,Black Soil,Drip
19.4,36.6,37.5,5.3,0.24,1,18.0324,77.3253,Cotton,Loamy,Borewell
187.5,23.3,87.1,30.5,0.61,0,21.0223,76.8374,Soybean,Black Soil,Rainfed
22.6,40.0,38.3,6.2,0.12,1,18.7026,73.6608,Sugarcane,Alluvial,Canal
338.1,19.2,92.5,43.7,0.63,0,21.9198,77.8363,Sugarcane,Alluvial,Rainfed
77.0,26.4,73.2,41.8,0.75,0,21.2897,77.7015,Cotton,Red Soil,Borewell
40.4,39.7,42.9,7.9,0.06,1,21.6376,74.511,Rice,Black Soil,Rainfed
44.8,34.4,25.9,12.0,0.14,1,21.7975,76.4824,Sugarcane,Clay,Drip
195.9,27.2,92.6,32.0,0.76,0,19.7788,74.1806,Wheat,Black Soil,Canal
216.8,24.6,70.9,29.7,0.59,0,19.8189,76.3138,Sugarcane,Black Soil,Rainfed
110.3,22.3,77.6,26.7,0.78,0,18.8638,77.3485,Wheat,Red Soil,Rainfed
44.4,44.9,33.5,15.4,0.08,1,18.5272,74.7912,Soybean,Loamy,Rainfed
10.1,38.1,22.8,5.8,0.15,1,20.3747,75.26,Soybean,Loamy,Rainfed
170.5,24.0,80.7,25.8,0.85,0,19.7051,73.5398,Rice,Black Soil,Rainfed
10.9,34.5,35.6,12.6,0.21,1,20.3896,74.4745,Sugarcane,Loamy,Rainfed
198.7,27.5,85.8,43.0,0.61,0,18.914,74.6947,Rice,Clay,Borewell
120.3,24.1,65.2,48.8,0.76,0,18.3649,73.4268,Rice,Black Soil,Canal
155.7,26.9,77.5,33.2,0.59,0,20.6614,76.7514,Cotton,Alluvial,Canal
28.1,35.6,36.4,7.9,0.07,1,19.4702,76.813,Sugarcane,Red Soil,Borewell
193.7,27.1,80.7,25.7,0.83,0,19.0698,73.9021,Wheat,Alluvial,Canal
268.8,21.5,51.5,20.3,0.35,0,20.8864,76.8842,Sugarcane,Loamy,Rainfed
97.6,28.5,57.0,27.0,0.68,0,20.4283,75.0709,Soybean,Loamy,Rainfed
9.4,41.1,34.8,11.9,0.12,1,21.9378,73.2739,Soybean,Alluvial,Drip
117.0,22.2,74.9,35.8,0.59,0,18.9204,75.7936,Wheat,Black Soil,Borewell
81.1,21.2,91.8,46.6,0.72,0,20.838,75.0885,Cotton,Clay,Rainfed
99.9,30.5,73.4,42.2,0.66,0,18.4235,75.1784,Rice,Loamy,Rainfed
193.2,42.2,46.2,37.7,0.71,0,21.2601,74.1813,Soybean,Alluvial,Drip
11.1,42.1,21.9,17.4,0.19,1,20.2549,75.8973,Sugarcane,Loamy,Canal
192.3,24.3,53.9,7.6,0.72,0,18.3069,77.3213,Cotton,Loamy,Borewell
155.4,28.9,90.8,36.2,0.79,0,19.2861,75.3781,Soybean,Black Soil,Borewell
41.0,37.1,37.9,11.6,0.09,1,19.751,75.1971,Sugarcane,Loamy,Rainfed
131.2,28.7,82.2,26.3,0.74,0,19.3188,75.7898,Rice,Alluvial,Canal
141.9,44.0,72.4,22.6,0.53,0,21.752,74.5479,Rice,Alluvial,Drip
195.2,28.4,82.4,38.2,0.74,0,19.4473,74.813,Soybean,Red Soil,Canal
276.7,40.1,86.3,6.7,0.32,1,21.0652,73.6552,Rice,Red Soil,Rainfed
165.6,30.0,83.8,26.1,0.66,0,21.8784,76.053,Rice,Red Soil,Drip
37.3,38.6,40.9,9.8,0.27,1,19.8467,74.4089,Rice,Loamy,Borewell
191.2,22.4,65.0,41.0,0.81,0,18.4104,77.2295,Cotton,Alluvial,Rainfed
114.6,30.1,60.9,35.9,0.83,0,19.8045,74.7479,Cotton,Clay,Rainfed
258.7,25.1,31.0,6.7,0.78,1,21.3244,76.7942,Rice,Clay,Rainfed
13.6,34.8,43.5,12.9,0.15,1,18.9506,73.6092,Soybean,Clay,Rainfed
147.5,26.4,80.3,39.4,0.77,0,18.0063,74.7641,Sugarcane,Clay,Drip
87.4,30.7,57.7,38.2,0.7,0,20.2166,74.9523,Rice,Black Soil,Borewell
111.8,21.2,86.5,33.6,0.77,0,21.086,76.6759,Wheat,Red Soil,Rainfed
18.5,40.7,40.8,13.9,0.28,1,18.7291,73.6743,Rice,Black Soil,Rainfed
203.4,24.2,67.4,35.0,0.79,0,18.1465,76.2345,Wheat,Alluvial,Rainfed
123.1,22.2,69.7,47.2,0.77,0,19.5466,77.8686,Rice,Clay,Canal
150.3,29.0,84.1,27.0,0.73,0,20.1819,74.6061,Cotton,Alluvial,Canal
29.1,38.1,37.2,9.6,0.06,1,19.4102,77.9908,Wheat,Black Soil,Rainfed
149.4,28.5,61.4,25.8,0.8,0,19.7527,73.6312,Soybean,Alluvial,Canal
27.7,40.3,37.0,17.3,0.14,1,20.2957,75.6473,Rice,Alluvial,Rainfed
34.4,39.0,29.7,12.3,0.11,1,19.7851,77.9818,Wheat,Clay,Rainfed
140.5,30.0,72.8,27.2,0.75,0,19.2784,74.7371,Cotton,Loamy,Canal
198.4,28.1,92.1,40.9,0.79,0,18.4854,74.0049,Soybean,Red Soil,Borewell
129.0,45.0,73.9,28.7,0.67,0,21.2934,73.3688,Wheat,Black Soil,Borewell
150.0,22.3,88.2,38.8,0.73,0,18.5161,75.5143,Cotton,Black Soil,Drip
11.5,44.2,25.6,17.3,0.17,1,18.3154,73.9815,Sugarcane,Alluvial,Drip
88.5,27.4,78.7,39.5,0.6,0,21.608,74.6881,Sugarcane,Black Soil,Rainfed
42.9,42.3,26.6,7.7,0.18,1,18.1211,77.445,Sugarcane,Alluvial,Rainfed
174.3,24.0,57.9,26.5,0.68,0,18.8161,76.0333,Wheat,Alluvial,Canal
94.0,24.7,77.5,33.0,0.69,0,18.9917,73.4841,Wheat,Clay,Borewell
39.6,34.9,28.2,12.5,0.12,1,19.9931,75.5736,Rice,Alluvial,Rainfed
148.3,30.7,63.6,33.8,0.57,0,21.5294,76.2713,Rice,Alluvial,Rainfed
137.5,29.8,84.1,44.1,0.66,0,20.2811,73.9733,Sugarcane,Alluvial,Rainfed
60.9,26.2,94.0,30.1,0.34,0,18.5771,76.0123,Rice,Loamy,Rainfed
10.5,37.0,31.8,10.9,0.19,1,19.3119,76.0653,Soybean,Clay,Rainfed
148.9,25.9,77.5,36.9,0.55,0,18.4384,75.0827,Wheat,Black Soil,Borewell
31.2,44.7,34.5,8.0,0.06,1,20.0969,76.6059,Rice,Red Soil,Rainfed
90.9,21.2,67.5,28.8,0.76,0,21.0999,77.6026,Cotton,Red Soil,Drip
219.7,25.8,70.1,48.9,0.69,0,20.1851,76.3793,Wheat,Loamy,Borewell
14.9,39.7,25.6,17.6,0.12,1,18.8291,76.5249,Wheat,Clay,Rainfed
179.6,23.9,77.9,38.6,0.82,0,19.3805,76.8653,Soybean,Alluvial,Rainfed
33.6,37.2,31.1,8.3,0.16,1,20.1543,77.6651,Wheat,Red Soil,Rainfed
110.2,27.7,76.2,40.9,0.57,0,20.8694,73.5027,Soybean,Black Soil,Drip
210.6,29.8,74.1,30.0,0.84,0,20.5836,77.5397,Cotton,Loamy,Drip
324.3,44.9,49.8,27.3,0.8,0,21.8485,77.6302,Cotton,Black Soil,Canal
90.6,30.8,66.4,49.7,0.71,0,21.7542,77.2553,Rice,Alluvial,Drip
122.9,28.3,80.9,43.0,0.55,0,19.1801,76.372,Soybean,Red Soil,Borewell
149.7,21.9,81.8,29.6,0.59,0,18.9922,74.3039,Soybean,Clay,Canal
67.8,24.2,50.4,27.6,0.77,0,20.8142,74.5549,Cotton,Alluvial,Canal
106.8,22.3,61.1,43.7,0.73,0,20.1969,75.3541,Sugarcane,Red Soil,Drip
161.4,28.9,76.0,38.2,0.66,0,18.4488,77.1439,Sugarcane,Red Soil,Drip
39.2,38.3,37.0,14.3,0.16,1,19.7819,73.2782,Soybean,Loamy,Rainfed
23.5,42.7,38.1,10.1,0.24,1,20.3132,73.2264,Wheat,Black Soil,Rainfed
42.4,33.4,30.2,15.0,0.23,1,20.5835,75.1018,Rice,Clay,Rainfed
171.0,26.4,81.1,33.7,0.6,0,20.1154,76.6393,Soybean,Black Soil,Rainfed
142.1,28.2,72.0,34.5,0.62,0,18.6205,73.9424,Cotton,Black Soil,Borewell
210.8,29.9,64.6,26.7,0.73,0,20.6881,77.3611,Soybean,Black Soil,Borewell
153.3,28.5,86.0,28.5,0.85,0,21.6656,75.8806,Sugarcane,Loamy,Canal
40.1,44.8,33.0,10.4,0.11,1,20.3667,76.6761,Soybean,Clay,Rainfed
30.7,37.6,33.1,14.1,0.14,1,18.7355,75.6896,Soybean,Red Soil,Canal
23.5,33.7,30.3,10.4,0.17,1,19.02,74.6513,Cotton,Clay,Rainfed
102.6,23.7,81.9,40.1,0.81,0,21.0468,76.6215,Sugarcane,Red Soil,Borewell
41.3,36.6,42.7,7.8,0.09,1,20.9875,76.7717,Soybean,Loamy,Rainfed
17.9,36.4,31.7,13.4,0.12,1,21.5312,75.33,Rice,Alluvial,Rainfed
156.6,23.2,60.8,31.5,0.83,0,19.6703,73.7621,Wheat,Red Soil,Borewell
110.6,26.5,92.7,33.4,0.78,0,20.8942,76.698,Rice,Red Soil,Canal
40.8,40.4,90.9,35.1,0.66,1,21.3702,74.1572,Soybean,Black Soil,Rainfed
206.5,15.4,59.7,17.4,0.83,0,18.0686,77.0658,Rice,Red Soil,Rainfed
151.0,23.4,79.8,31.3,0.66,0,18.3161,77.7965,Rice,Loamy,Drip
107.7,27.8,88.9,41.3,0.81,0,18.374,74.8963,Sugarcane,Clay,Rainfed
176.9,21.8,88.8,41.1,0.65,0,21.8954,77.474,Cotton,Red Soil,Drip
175.4,26.7,65.8,48.1,0.76,0,20.1721,76.2905,Soybean,Alluvial,Rainfed
107.0,40.0,49.2,45.3,0.32,0,18.5598,77.9424,Cotton,Loamy,Canal
22.5,43.1,28.5,15.0,0.27,1,21.0942,73.1481,Wheat,Clay,Rainfed
129.4,22.9,78.4,34.5,0.78,0,18.9858,73.3675,Wheat,Red Soil,Borewell
166.9,28.4,67.7,27.7,0.55,0,19.4397,74.3488,Soybean,Black Soil,Drip
155.8,26.1,59.1,27.2,0.72,0,21.1378,77.3186,Cotton,Alluvial,Borewell
151.8,19.2,42.6,27.2,0.1,1,19.7387,75.1055,Rice,Black Soil,Rainfed
30.0,40.1,24.9,6.4,0.12,1,19.3289,76.101,Wheat,Clay,Rainfed
169.4,26.9,67.0,40.1,0.76,0,18.7105,74.9912,Wheat,Alluvial,Borewell
188.4,24.3,66.2,44.6,0.66,0,18.7992,77.9863,Soybean,Loamy,Rainfed
141.9,28.1,72.5,32.3,0.76,0,21.1826,75.0457,Rice,Red Soil,Canal
31.3,41.6,39.7,6.0,0.28,1,19.6032,75.5331,Rice,Loamy,Rainfed
40.8,39.4,36.0,6.1,0.23,1,19.42,76.235,Cotton,Loamy,Borewell
36.8,34.3,22.5,7.9,0.22,1,20.7507,74.1052,Wheat,Clay,Borewell
147.6,24.4,56.0,27.6,0.67,0,18.4643,77.7034,Soybean,Alluvial,Canal
36.4,39.3,28.7,6.3,0.22,1,18.2687,73.2234,Cotton,Black Soil,Canal
98.8,30.8,64.8,29.4,0.6,0,21.8339,74.1593,Rice,Red Soil,Drip
137.7,21.3,79.6,29.9,0.73,0,20.8189,74.0289,Cotton,Loamy,Rainfed
152.8,24.7,62.9,27.8,0.75,0,21.8637,74.567,Rice,Loamy,Borewell
125.4,29.5,79.7,45.3,0.76,0,20.4579,73.4238,Soybean,Alluvial,Rainfed
9.7,37.5,23.5,10.1,0.19,1,19.6922,75.4334,Sugarcane,Red Soil,Rainfed
290.9,43.9,57.9,27.3,0.6,0,19.6625,77.1995,Rice,Red Soil,Rainfed
190.4,23.2,56.3,30.6,0.64,0,20.2626,76.8627,Rice,Loamy,Rainfed
113.8,26.4,94.6,38.6,0.78,0,19.7655,74.0927,Rice,Black Soil,Drip
45.0,38.4,28.7,15.6,0.15,1,21.1025,74.1847,Sugarcane,Alluvial,Rainfed
13.3,35.5,21.5,9.6,0.11,1,19.2946,76.5203,Wheat,Loamy,Canal
118.7,34.7,72.6,11.0,0.17,1,19.2884,74.2378,Rice,Clay,Rainfed
21.6,38.4,35.8,16.4,0.07,1,19.1129,77.6817,Wheat,Clay,Rainfed
36.0,41.8,38.3,11.0,0.2,1,18.2533,75.6721,Soybean,Clay,Rainfed
16.3,39.6,23.3,16.1,0.23,1,21.049,73.2297,Rice,Black Soil,Rainfed
23.3,44.9,30.7,17.9,0.26,1,19.2075,77.3721,Wheat,Black Soil,Rainfed
41.2,35.0,29.9,9.0,0.21,1,20.6219,76.5185,Cotton,Red Soil,Rainfed
305.3,35.8,55.8,15.3,0.12,1,21.2238,73.516,Wheat,Alluvial,Rainfed
192.9,29.7,80.7,41.9,0.57,0,20.4413,73.8206,Wheat,Red Soil,Drip
69.4,36.9,46.4,24.3,0.68,0,18.9911,76.2231,Soybean,Loamy,Canal
188.0,27.9,88.9,41.5,0.64,0,20.0381,76.7392,Wheat,Black Soil,Drip
146.8,22.1,75.0,39.8,0.71,0,21.9475,77.6696,Soybean,Clay,Borewell
51.6,22.9,23.0,7.7,0.68,0,20.5143,75.5052,Rice,Clay,Borewell
87.0,26.4,79.6,31.9,0.64,0,18.8128,77.0403,Sugarcane,Alluvial,Borewell
160.0,28.6,81.0,41.1,0.64,0,21.8137,74.1932,Soybean,Black Soil,Borewell
34.1,19.1,20.9,27.3,0.33,1,20.0689,77.1125,Wheat,Red Soil,Rainfed
188.3,23.7,90.5,44.3,0.56,0,19.0879,73.3194,Sugarcane,Black Soil,Borewell
141.0,24.6,75.0,39.2,0.66,0,18.4116,75.8696,Cotton,Red Soil,Rainfed
328.0,40.7,61.5,46.1,0.64,0,19.6775,74.609,Rice,Alluvial,Canal
194.8,26.7,59.8,41.8,0.57,0,20.0631,73.2296,Rice,Black Soil,Borewell
200.6,28.7,67.4,27.2,0.69,0,19.1664,76.9225,Sugarcane,Red Soil,Borewell
128.4,30.7,94.9,44.4,0.77,0,21.1839,73.7528,Rice,Black Soil,Drip
153.5,27.4,82.7,25.2,0.65,0,19.5051,76.6904,Wheat,Black Soil,Drip
