Crop,State,Season,Area-2021-22,Area-2022-23,Area-2023-24,Area-2024-25,Area-2025-26,Production-2021-22,Production-2022-23,Production-2023-24,Production-2024-25,Production-2025-26,Yield-2021-22,Yield-2022-23,Yield-2023-24,Yield-2024-25,Yield-2025-26
Rice,Maharashtra,Kharif,15.49,15.55,15.25,15.21,15.19,32.95,34.54,34.63,34.30,29.43,2127.00,2221.00,2270.00,2255.00,1938.00
Rice,Maharashtra,Rabi,1.03,,,,,3.03,,,,,2954.00,,,,
Rice,Maharashtra,Summer,,1.63,1.68,1.61,1.68,,4.45,4.37,4.37,4.57,,2732.00,2611.00,2716.00,2716.00
Rice,Maharashtra,Total,16.52,17.18,16.93,16.82,16.87,35.98,38.99,39.00,38.67,34.00,2178.00,2269.00,2304.00,2299.00,2016.00
Wheat,Maharashtra,Rabi,11.32,12.19,10.47,11.89,12.14,21.44,23.74,19.88,22.86,23.88,1894.00,1948.00,1899.00,1922.00,1967.00
Wheat,Maharashtra,Total,11.32,12.19,10.47,11.89,12.14,21.44,23.74,19.88,22.86,23.88,1894.00,1948.00,1899.00,1922.00,1967.00
Maize,Maharashtra,Kharif,8.11,8.81,9.09,11.16,14.52,21.86,27.13,14.41,33.40,35.24,2694.00,3080.00,1584.00,2994.00,2426.00
Maize,Maharashtra,Rabi,4.40,4.24,3.57,4.23,6.68,13.99,11.31,9.05,12.04,19.96,3182.00,2669.00,2538.00,2845.00,2989.00
Maize,Maharashtra,Summer,,0.41,0.60,0.87,0.98,,0.76,1.04,2.05,1.77,,1854.00,1729.00,2370.00,1817.00
Maize,Maharashtra,Total,12.51,13.45,13.26,16.25,22.18,35.85,39.19,24.50,47.49,56.97,2865.00,2913.00,1847.00,2922.00,2569.00
Barley,Maharashtra,Rabi,0.00,,,,,0.00,,,,,0.00,,,,
Barley,Maharashtra,Total,0.00,,,,,0.00,,,,,0.00,,,,
Jowar,Maharashtra,Kharif,2.09,1.43,1.12,1.09,0.83,1.62,1.23,0.99,1.25,0.72,773.00,862.00,889.00,1143.00,862.00
Jowar,Maharashtra,Rabi,14.40,13.29,15.91,15.46,13.90,13.96,11.84,16.45,16.90,15.16,970.00,891.00,1034.00,1093.00,1091.00
Jowar,Maharashtra,Summer,,0.06,0.38,0.36,0.31,,0.05,0.31,0.30,0.26,,836.00,833.00,843.00,832.00
Jowar,Maharashtra,Total,16.49,14.78,17.40,16.91,15.04,15.58,13.12,17.76,18.45,16.14,945.00,888.00,1020.00,1091.00,1073.00
Bajra,Maharashtra,Kharif,6.67,4.08,3.67,4.04,3.23,6.19,4.45,2.13,5.29,3.66,928.00,1091.00,579.00,1311.00,1133.00
Bajra,Maharashtra,Summer,,0.26,0.37,0.41,0.43,,0.23,0.33,0.36,0.43,,887.00,902.00,883.00,991.00
Bajra,Maharashtra,Total,6.67,4.34,4.04,4.44,3.66,6.19,4.68,2.46,5.65,4.09,928.00,1079.00,608.00,1272.00,1116.00
Ragi,Maharashtra,Kharif,0.81,0.69,0.69,0.69,0.60,1.03,0.91,1.13,0.96,0.82,1263.00,1327.00,1635.00,1397.00,1376.00
Ragi,Maharashtra,Total,0.81,0.69,0.69,0.69,0.60,1.03,0.91,1.13,0.96,0.82,1263.00,1327.00,1635.00,1397.00,1376.00
Small Millets,Maharashtra,Kharif,0.60,0.54,0.58,0.48,0.51,0.26,0.27,0.30,0.26,0.24,432.00,504.00,507.00,537.00,464.00
Small Millets,Maharashtra,Total,0.60,0.54,0.58,0.48,0.51,0.26,0.27,0.30,0.26,0.24,432.00,504.00,507.00,537.00,464.00
Shree Anna /Nutri Cereals,Maharashtra,Kharif,10.17,6.73,6.06,6.30,5.16,9.09,6.86,4.54,7.76,5.43,894.00,1019.00,749.00,1232.00,1052.00
Shree Anna /Nutri Cereals,Maharashtra,Rabi,14.40,13.29,15.91,15.46,13.90,13.96,11.84,16.45,16.90,15.16,970.00,891.00,1034.00,1093.00,1091.00
Shree Anna /Nutri Cereals,Maharashtra,Summer,,0.32,0.75,0.76,0.74,,0.28,0.65,0.66,0.69,,877.00,867.00,864.00,925.00
Shree Anna /Nutri Cereals,Maharashtra,Total,24.57,20.35,22.72,22.52,19.80,23.05,18.99,21.64,25.32,21.28,938.00,933.00,953.00,1124.00,1075.00
Nutri/Coarse Cereals,Maharashtra,Kharif,18.29,15.54,15.16,17.45,19.69,30.95,33.98,18.95,41.16,40.67,1692.00,2187.00,1250.00,2358.00,2066.00
Nutri/Coarse Cereals,Maharashtra,Rabi,18.79,17.53,19.47,19.69,20.58,27.95,23.15,25.50,28.94,35.12,1487.00,1321.00,1309.00,1469.00,1707.00
Nutri/Coarse Cereals,Maharashtra,Summer,,0.73,1.35,1.63,1.72,,1.04,1.69,2.71,2.46,,1422.00,1252.00,1665.00,1431.00
Nutri/Coarse Cereals,Maharashtra,Total,37.08,33.80,35.98,38.78,41.98,58.90,58.17,46.13,72.81,78.25,1589.00,1721.00,1282.00,1878.00,1864.00
Cereals,Maharashtra,Kharif,33.78,31.09,30.41,32.67,34.88,63.90,68.53,53.57,75.46,70.10,1892.00,2204.00,1762.00,2310.00,2010.00
Cereals,Maharashtra,Rabi,31.14,29.72,29.94,31.58,32.72,52.42,46.89,45.38,51.79,59.00,1684.00,1578.00,1516.00,1640.00,1803.00
Cereals,Maharashtra,Summer,,2.36,3.02,3.24,3.40,,5.49,6.06,7.08,7.03,,2326.00,2005.00,2187.00,2067.00
Cereals,Maharashtra,Total,64.92,63.17,63.38,67.49,71.00,116.33,120.91,105.01,134.33,136.13,1792.00,1914.00,1657.00,1991.00,1917.00
Tur,Maharashtra,Kharif,13.35,11.76,11.12,12.27,12.26,13.91,9.25,8.93,14.23,11.79,1042.00,787.00,803.00,1160.00,961.00
Tur,Maharashtra,Total,13.35,11.76,11.12,12.27,12.26,13.91,9.25,8.93,14.23,11.79,1042.00,787.00,803.00,1160.00,961.00
Gram,Maharashtra,Rabi,27.09,29.56,26.88,28.73,29.06,31.01,31.75,28.36,29.62,33.24,1145.00,1074.00,1055.00,1031.00,1144.00
Gram,Maharashtra,Total,27.09,29.56,26.88,28.73,29.06,31.01,31.75,28.36,29.62,33.24,1145.00,1074.00,1055.00,1031.00,1144.00
Urad,Maharashtra,Kharif,4.36,3.58,2.60,3.91,3.78,2.11,2.26,1.03,3.27,2.38,484.00,630.00,396.00,835.00,630.00
Urad,Maharashtra,Rabi,0.00,,,,,0.00,,,,,539.00,,,,
Urad,Maharashtra,Summer,,0.00,0.01,0.02,0.02,,0.00,0.00,0.01,0.01,,520.00,519.00,533.00,511.00
Urad,Maharashtra,Total,4.36,3.58,2.60,3.93,3.80,2.11,2.26,1.03,3.28,2.39,484.00,630.00,396.00,833.00,630.00
Moong,Maharashtra,Kharif,3.78,2.70,1.85,2.39,2.11,1.87,1.59,0.73,1.62,1.28,494.00,589.00,395.00,679.00,604.00
Moong,Maharashtra,Rabi,0.25,,,,,0.06,,,,,251.00,,,,
Moong,Maharashtra,Summer,,0.05,0.14,0.20,0.17,,0.01,0.03,0.04,0.03,,192.00,187.00,186.00,195.00
Moong,Maharashtra,Total,4.03,2.75,2.00,2.59,2.28,1.93,1.60,0.76,1.66,1.31,479.00,582.00,380.00,640.00,574.00
Lentil,Maharashtra,Rabi,0.00,,,,,0.00,,,,,0.00,,,,
Lentil,Maharashtra,Total,0.00,,,,,0.00,,,,,0.00,,,,
Other Pulses,Maharashtra,Kharif,0.79,0.81,0.62,0.71,0.69,0.68,0.75,0.47,0.75,0.71,867.00,931.00,760.00,1046.00,1041.00
Other Pulses,Maharashtra,Rabi,1.31,1.49,1.10,1.63,1.85,0.59,0.74,0.53,0.82,1.35,449.00,501.00,479.00,500.00,728.00
Other Pulses,Maharashtra,Total,2.10,2.29,1.72,2.35,2.54,1.27,1.50,1.00,1.56,2.06,605.00,652.00,580.00,666.00,813.00
Total Pulses,Maharashtra,Kharif,22.28,18.84,16.19,19.28,18.85,18.57,13.85,11.16,19.87,16.16,834.00,735.00,689.00,1030.00,857.00
Total Pulses,Maharashtra,Rabi,28.65,31.05,27.98,30.36,30.91,31.67,32.49,28.88,30.44,34.59,1105.00,1047.00,1032.00,1002.00,1119.00
Total Pulses,Maharashtra,Summer,,0.05,0.15,0.23,0.18,,0.01,0.03,0.05,0.04,,211.00,200.00,218.00,221.00
Total Pulses,Maharashtra,Total,50.93,49.94,44.32,49.87,49.94,50.24,46.35,40.08,50.35,50.79,986.00,928.00,904.00,1010.00,1017.00
Total Food Grains,Maharashtra,Kharif,56.06,49.93,46.60,51.95,53.72,82.47,82.38,64.73,95.33,86.26,1471.00,1650.00,1389.00,1835.00,1606.00
Total Food Grains,Maharashtra,Rabi,59.79,60.76,57.92,61.95,63.63,84.09,79.38,74.26,82.23,93.59,1406.00,1306.00,1282.00,1327.00,1471.00
Total Food Grains,Maharashtra,Summer,,2.41,3.17,3.46,3.58,,5.50,6.09,7.13,7.07,,2281.00,1920.00,2059.00,1973.00
Total Food Grains,Maharashtra,Total,115.85,113.11,107.70,117.35,120.93,166.56,167.26,145.09,184.69,186.92,1438.00,1479.00,1347.00,1574.00,1546.00
Groundnut,Maharashtra,Kharif,2.32,1.61,1.45,1.50,1.37,2.69,1.91,1.56,2.19,1.82,1161.00,1189.00,1073.00,1457.00,1326.00
Groundnut,Maharashtra,Rabi,0.88,,,,,1.32,,,,,1502.00,,,,
Groundnut,Maharashtra,Summer,,0.49,0.81,1.00,0.89,,0.76,1.29,1.44,1.34,,1572.00,1585.00,1434.00,1514.00
Groundnut,Maharashtra,Total,3.20,2.09,2.26,2.50,2.26,4.01,2.67,2.85,3.62,3.16,1255.00,1278.00,1257.00,1448.00,1400.00
Castorseed,Maharashtra,Kharif,0.03,0.03,0.04,0.02,0.02,0.01,0.01,0.01,0.01,0.01,300.00,343.00,301.00,318.00,389.00
Castorseed,Maharashtra,Total,0.03,0.03,0.04,0.02,0.02,0.01,0.01,0.01,0.01,0.01,300.00,343.00,301.00,318.00,389.00
Sesamum,Maharashtra,Kharif,0.28,0.06,0.04,0.05,0.04,0.06,0.01,0.01,0.01,0.01,209.00,262.00,236.00,265.00,269.00
Sesamum,Maharashtra,Rabi,,0.02,0.01,0.01,0.02,,0.01,0.01,0.00,0.01,,338.00,693.00,332.00,510.00
Sesamum,Maharashtra,Summer,,0.03,0.22,0.30,0.26,,0.01,0.04,0.12,0.05,,183.00,179.00,392.00,186.00
Sesamum,Maharashtra,Total,0.28,0.11,0.28,0.36,0.31,0.06,0.03,0.06,0.14,0.07,209.00,248.00,212.00,373.00,214.00
Nigerseed,Maharashtra,Kharif,0.06,0.05,0.04,0.04,0.03,0.01,0.01,0.01,0.01,0.01,150.00,248.00,270.00,210.00,277.00
Nigerseed,Maharashtra,Total,0.06,0.05,0.04,0.04,0.03,0.01,0.01,0.01,0.01,0.01,150.00,248.00,270.00,210.00,277.00
Soybean,Maharashtra,Kharif,45.95,49.26,51.15,50.72,49.96,55.00,66.16,52.58,73.70,48.51,1197.00,1343.00,1028.00,1453.00,971.00
Soybean,Maharashtra,Total,45.95,49.26,51.15,50.72,49.96,55.00,66.16,52.58,73.70,48.51,1197.00,1343.00,1028.00,1453.00,971.00
Sunflower,Maharashtra,Kharif,0.11,0.16,0.03,0.09,0.07,0.05,0.07,0.00,0.04,0.05,431.00,433.00,173.00,451.00,782.00
Sunflower,Maharashtra,Rabi,0.09,0.10,0.02,0.02,0.01,0.07,0.06,0.01,0.01,0.01,768.00,597.00,414.00,580.00,648.00
Sunflower,Maharashtra,Summer,,0.04,0.01,0.02,0.01,,0.02,0.01,0.03,0.01,,514.00,759.00,1205.00,792.00
Sunflower,Maharashtra,Total,0.20,0.30,0.06,0.14,0.09,0.12,0.15,0.02,0.08,0.07,590.00,498.00,387.00,597.00,764.00
Rapeseed & Mustard,Maharashtra,Rabi,0.30,0.31,0.19,0.25,0.26,0.10,0.10,0.07,0.10,0.10,348.00,317.00,381.00,403.00,407.00
Rapeseed & Mustard,Maharashtra,Total,0.30,0.31,0.19,0.25,0.26,0.10,0.10,0.07,0.10,0.10,348.00,317.00,381.00,403.00,407.00
Linseed,Maharashtra,Rabi,0.06,0.06,0.07,0.05,0.05,0.03,0.02,0.02,0.02,0.02,420.00,377.00,371.00,318.00,402.00
Linseed,Maharashtra,Total,0.06,0.06,0.07,0.05,0.05,0.03,0.02,0.02,0.02,0.02,420.00,377.00,371.00,318.00,402.00
Safflower,Maharashtra,Rabi,0.28,0.32,0.41,0.42,0.31,0.19,0.23,0.32,0.26,0.19,691.00,715.00,771.00,608.00,628.00
Safflower,Maharashtra,Total,0.28,0.32,0.41,0.42,0.31,0.19,0.23,0.32,0.26,0.19,691.00,715.00,771.00,608.00,628.00
Total Oil Seeds,Maharashtra,Kharif,48.74,51.17,52.74,52.43,51.48,57.81,68.17,54.17,75.96,50.41,1186.00,1332.00,1027.00,1449.00,979.00
Total Oil Seeds,Maharashtra,Rabi,1.61,0.80,0.70,0.76,0.65,1.72,0.41,0.43,0.39,0.34,1063.00,515.00,617.00,516.00,520.00
Total Oil Seeds,Maharashtra,Summer,,0.56,1.05,1.33,1.16,,0.79,1.34,1.58,1.40,,1409.00,1275.00,1192.00,1211.00
Total Oil Seeds,Maharashtra,Total,50.35,52.53,54.49,54.51,53.29,59.53,69.38,55.94,77.93,52.15,1182.00,1321.00,1027.00,1430.00,979.00
Sugarcane,Maharashtra,Kharif,12.62,13.59,14.37,11.67,13.72,1160.76,1239.68,1120.88,1099.70,1316.49,92000.00,91200.00,78000.00,94230.00,95963.00
Sugarcane,Maharashtra,Total,12.62,13.59,14.37,11.67,13.72,1160.76,1239.68,1120.88,1099.70,1316.49,92000.00,91200.00,78000.00,94230.00,95963.00
Cotton,Maharashtra,Kharif,44.10,41.82,42.34,41.23,38.55,82.49,83.16,80.45,73.73,77.55,318.00,338.00,323.00,304.00,342.00
Cotton,Maharashtra,Total,44.10,41.82,42.34,41.23,38.55,82.49,83.16,80.45,73.73,77.55,318.00,338.00,323.00,304.00,342.00
Jute,Maharashtra,Kharif,,,,,,0.00,,,,,,,,,
Jute,Maharashtra,Total,,,,,,0.00,,,,,,,,,
Mesta,Maharashtra,Kharif,0.00,,,,,0.00,,,,,0.00,,,,
Mesta,Maharashtra,Total,0.00,,,,,0.00,,,,,0.00,,,,
Jute & Mesta,Maharashtra,Kharif,0.00,,,,,0.00,,,,,0.00,,,,
Jute & Mesta,Maharashtra,Total,0.00,,,,,0.00,,,,,0.00,,,,
Tobacco,Maharashtra,Kharif,0.01,0.01,0.01,0.01,,0.01,0.01,0.01,0.02,,1505.00,1636.00,1139.00,2596.00,
Tobacco,Maharashtra,Total,0.01,0.01,0.01,0.01,,0.01,0.01,0.01,0.02,,1505.00,1636.00,1139.00,2596.00,
Sannhemp,Maharashtra,Kharif,,,,,,0.00,,,,,,,,,
Sannhemp,Maharashtra,Total,,,,,,0.00,,,,,,,,,
